Campaign ID,Product Name,Category,Ad Spend (INR),Impressions,Clicks,Conversions,Revenue (INR),ROI,Campaign Date,Marketing Channel
CAMPAIGN00001,Chocolate,Snacks,3844.96,265053,3952,636,283705.04,72.79,1/12/2024,Email Campaign
CAMPAIGN00002,Cold Drink,Beverages,1890.3,466411,41016,2957,939130.89,495.82,5/1/2025,Influencer Marketing
CAMPAIGN00003,Moisturizer,Personal Care,1358.76,21229,825,81,19489.79,13.34,13/11/2024,Email Campaign
CAMPAIGN00004,Chocolate,Snacks,4565.75,311612,19953,1306,590161.55,128.26,2/1/2025,Instagram Ads
CAMPAIGN00005,Floor Cleaner,Household,207.38,337554,15889,2110,726598,3502.7,16/12/2024,Influencer Marketing
CAMPAIGN00006,Toothpaste,Personal Care,683.18,11742,418,52,14964.29,20.9,31/12/2024,Google Ads
CAMPAIGN00007,Milk,Groceries,2988.39,146995,13728,2705,650612.48,216.71,11/12/2024,Email Campaign
CAMPAIGN00008,Air Freshener,Household,1806.72,481141,20040,2836,528106.42,291.3,23/11/2024,Instagram Ads
CAMPAIGN00009,Coffee,Beverages,1638.25,478563,16899,1680,698446.86,425.34,25/12/2024,Google Ads
CAMPAIGN00010,Garbage Bags,Household,2569.97,372607,18103,2384,380760.92,147.16,12/11/2024,Instagram Ads
CAMPAIGN00011,Chips,Snacks,53.48,206230,161,6,537.2,9.04,1/2/2025,Google Ads
CAMPAIGN00012,Soap,Personal Care,56.06,174725,12301,2029,841840.45,15015.78,5/1/2025,Influencer Marketing
CAMPAIGN00013,Chips,Snacks,2942.27,498899,3756,528,154233.82,51.42,8/1/2025,Referral
CAMPAIGN00014,Moisturizer,Personal Care,1286.89,391081,1041,107,32338.33,24.13,10/1/2025,Referral
CAMPAIGN00015,Soap,Personal Care,1792.42,417754,27767,2023,952826.92,530.59,2/12/2024,Instagram Ads
CAMPAIGN00016,Chips,Snacks,2571.37,172242,14419,2214,451252.2,174.49,21/11/2024,Influencer Marketing
CAMPAIGN00017,Eggs,Groceries,1432.65,231561,7280,754,132047.4,91.17,6/1/2025,Referral
CAMPAIGN00018,Biscuits,Snacks,3092.43,424138,10120,1350,165203.1,52.42,22/11/2024,Referral
CAMPAIGN00019,Eggs,Groceries,2843.32,486993,32490,438,213272.59,74.01,8/1/2025,Influencer Marketing
CAMPAIGN00020,Soap,Personal Care,4905.4,306005,7665,675,245579.36,49.06,30/1/2025,Referral
CAMPAIGN00021,Soap,Personal Care,3161.76,194685,15742,1809,412895.14,129.59,18/12/2024,Google Ads
CAMPAIGN00022,Moisturizer,Personal Care,169.99,213808,12074,1235,373130.71,2194.02,20/1/2025,Email Campaign
CAMPAIGN00023,Cooking Oil,Groceries,3954.74,440661,4496,295,38878.09,8.83,10/12/2024,Email Campaign
CAMPAIGN00024,Cold Drink,Beverages,673.74,307586,25179,3683,1177248.39,1746.33,22/12/2024,Referral
CAMPAIGN00025,Chocolate,Snacks,153.23,105222,945,55,24211.85,157.01,1/12/2024,Instagram Ads
CAMPAIGN00026,Tea,Beverages,1687.97,217838,16383,813,233340.47,137.24,8/12/2024,Google Ads
CAMPAIGN00027,Air Freshener,Household,4671.3,14095,723,106,37941.52,7.12,20/1/2025,Instagram Ads
CAMPAIGN00028,Face Wash,Personal Care,1956.94,274989,15070,1399,361125.21,183.54,8/1/2025,Instagram Ads
CAMPAIGN00029,Wheat Flour,Groceries,3719.33,344568,29968,5567,2063585.76,553.83,3/12/2024,Email Campaign
CAMPAIGN00030,Coffee,Beverages,3015.71,266505,20842,1432,510022.36,168.12,17/12/2024,Instagram Ads
CAMPAIGN00031,Floor Cleaner,Household,4552,50215,425,79,19443.37,3.27,2/1/2025,Email Campaign
CAMPAIGN00032,Nuts,Snacks,257.82,137461,9294,11,2498.88,8.69,3/2/2025,Influencer Marketing
CAMPAIGN00033,Air Freshener,Household,1654.28,92529,1409,191,29359.5,16.75,6/1/2025,Email Campaign
CAMPAIGN00034,Face Wash,Personal Care,4526.77,335495,29115,4073,1336886.06,294.33,6/1/2025,Influencer Marketing
CAMPAIGN00035,Dishwasher Liquid,Household,226.17,393844,37730,2486,932621.2,4122.54,21/1/2025,Google Ads
CAMPAIGN00036,Cooking Oil,Groceries,2146.23,41623,2472,156,20633.66,8.61,20/1/2025,Influencer Marketing
CAMPAIGN00037,Chips,Snacks,3197.45,485645,9668,828,319586.89,98.95,20/1/2025,Email Campaign
CAMPAIGN00038,Energy Drink,Beverages,1967.32,442718,8750,1542,202255.5,101.81,5/1/2025,Email Campaign
CAMPAIGN00039,Cold Drink,Beverages,1777.66,190106,10437,842,264490.21,147.79,18/1/2025,Email Campaign
CAMPAIGN00040,Detergent,Household,982.58,51689,1187,146,68540.93,68.76,25/1/2025,Instagram Ads
CAMPAIGN00041,Chocolate,Snacks,2900.41,435390,37926,257,39652.74,12.67,6/12/2024,Google Ads
CAMPAIGN00042,Cold Drink,Beverages,4758.45,159649,8405,674,177728.9,36.35,1/12/2024,Instagram Ads
CAMPAIGN00043,Cooking Oil,Groceries,4378.38,386085,3050,161,63488.04,13.5,17/11/2024,Email Campaign
CAMPAIGN00044,Moisturizer,Personal Care,1065.68,92855,8411,281,50876.47,46.74,28/11/2024,Google Ads
CAMPAIGN00045,Garbage Bags,Household,2633.71,23062,277,54,13883.32,4.27,15/11/2024,Google Ads
CAMPAIGN00046,Coffee,Beverages,1405.09,265712,12185,1546,80018.88,55.95,21/12/2024,Instagram Ads
CAMPAIGN00047,Toothpaste,Personal Care,1163.85,299044,23402,812,245684.51,210.1,9/1/2025,Email Campaign
CAMPAIGN00048,Juice,Beverages,1262.24,147689,9458,402,95838.67,74.93,10/12/2024,Instagram Ads
CAMPAIGN00049,Cold Drink,Beverages,4576.49,74152,2226,282,87440.56,18.11,8/2/2025,Instagram Ads
CAMPAIGN00050,Eggs,Groceries,697.88,174280,14021,2610,1265412.08,1812.22,12/12/2024,Referral
CAMPAIGN00051,Juice,Beverages,3297.6,112090,3533,262,22342.71,5.78,15/11/2024,Google Ads
CAMPAIGN00052,Milk,Groceries,1942.48,70023,3990,213,23038.52,10.86,29/1/2025,Influencer Marketing
CAMPAIGN00053,Soap,Personal Care,3463.98,402604,32026,3190,1517870.99,437.19,3/1/2025,Referral
CAMPAIGN00054,Eggs,Groceries,4185.75,105449,364,6,2150.3,-0.49,9/12/2024,Google Ads
CAMPAIGN00055,Chips,Snacks,376.52,162536,15963,2281,304700.01,808.25,6/2/2025,Influencer Marketing
CAMPAIGN00056,Moisturizer,Personal Care,527.64,269839,5853,59,11652.82,21.08,4/2/2025,Referral
CAMPAIGN00057,Rice,Groceries,4670.39,482233,40550,6533,1853021.51,395.76,15/11/2024,Referral
CAMPAIGN00058,Chocolate,Snacks,4672.48,185271,10163,1479,300585.72,63.33,24/1/2025,Referral
CAMPAIGN00059,Floor Cleaner,Household,4150.69,373700,20789,3139,946761.61,227.1,22/12/2024,Instagram Ads
CAMPAIGN00060,Eggs,Groceries,992.4,395968,37706,6539,2616044.45,2635.08,14/12/2024,Referral
CAMPAIGN00061,Floor Cleaner,Household,4310.49,442481,23984,4738,766837.94,176.9,22/11/2024,Google Ads
CAMPAIGN00062,Garbage Bags,Household,4674.51,7585,387,47,7872.57,0.68,26/1/2025,Google Ads
CAMPAIGN00063,Garbage Bags,Household,204.8,392517,33885,5240,1351494.23,6598.09,7/1/2025,Influencer Marketing
CAMPAIGN00064,Toothpaste,Personal Care,2349.56,195999,4217,546,239134.14,100.78,7/2/2025,Influencer Marketing
CAMPAIGN00065,Tea,Beverages,2437.27,258381,21037,1533,625663.06,255.71,13/11/2024,Instagram Ads
CAMPAIGN00066,Dishwasher Liquid,Household,1124.01,499887,49918,8919,3203250.86,2848.84,27/12/2024,Google Ads
CAMPAIGN00067,Detergent,Household,4436.61,351597,27366,266,16698.06,2.76,19/1/2025,Email Campaign
CAMPAIGN00068,Eggs,Groceries,830.77,426152,25899,1202,578598.5,695.46,1/2/2025,Google Ads
CAMPAIGN00069,Soap,Personal Care,818.23,147676,8094,843,157498.59,191.49,14/1/2025,Influencer Marketing
CAMPAIGN00070,Protein Bar,Snacks,257.24,340153,13536,1311,249020.12,967.05,5/2/2025,Influencer Marketing
CAMPAIGN00071,Coffee,Beverages,1124.95,119315,11433,1102,383628.66,340.02,5/2/2025,Referral
CAMPAIGN00072,Detergent,Household,473.09,421430,24235,1450,156364.14,329.52,23/1/2025,Google Ads
CAMPAIGN00073,Shampoo,Personal Care,176.33,169875,2776,460,74856.87,423.53,14/12/2024,Email Campaign
CAMPAIGN00074,Milk,Groceries,3125.2,28079,1889,232,83976.37,25.87,3/2/2025,Referral
CAMPAIGN00075,Nuts,Snacks,1785.42,269250,25328,4731,2354903.16,1317.96,19/11/2024,Instagram Ads
CAMPAIGN00076,Air Freshener,Household,2358.75,118066,2007,343,73505.57,30.16,19/1/2025,Email Campaign
CAMPAIGN00077,Coffee,Beverages,4855.99,4656,256,5,2097.9,-0.57,17/1/2025,Influencer Marketing
CAMPAIGN00078,Energy Drink,Beverages,1380.24,155616,3492,198,63229.92,44.81,22/11/2024,Influencer Marketing
CAMPAIGN00079,Cooking Oil,Groceries,1168.82,375483,28051,3749,1344527.6,1149.33,15/1/2025,Google Ads
CAMPAIGN00080,Coffee,Beverages,4084.06,78810,401,9,937.29,-0.77,28/1/2025,Influencer Marketing
CAMPAIGN00081,Dishwasher Liquid,Household,1299.95,317994,24953,3111,1201953.76,923.62,24/12/2024,Referral
CAMPAIGN00082,Chocolate,Snacks,3228.89,276263,24366,1444,295378.91,90.48,17/1/2025,Referral
CAMPAIGN00083,Rice,Groceries,4780.51,58280,1938,126,54073.69,10.31,18/12/2024,Instagram Ads
CAMPAIGN00084,Garbage Bags,Household,515.2,367966,13010,1363,499025.37,967.61,14/12/2024,Email Campaign
CAMPAIGN00085,Air Freshener,Household,179.35,78143,6828,660,286217.73,1594.86,24/1/2025,Email Campaign
CAMPAIGN00086,Wheat Flour,Groceries,4241.82,99450,9821,87,18036.67,3.25,20/12/2024,Referral
CAMPAIGN00087,Milk,Groceries,1456.46,452311,36211,1807,419831.69,287.25,18/12/2024,Google Ads
CAMPAIGN00088,Garbage Bags,Household,4082.04,92702,5633,272,61285.55,14.01,17/12/2024,Google Ads
CAMPAIGN00089,Biscuits,Snacks,199.37,484083,3427,145,44338.58,221.39,19/1/2025,Instagram Ads
CAMPAIGN00090,Soap,Personal Care,914.11,228673,19274,1200,451621.77,493.06,27/1/2025,Instagram Ads
CAMPAIGN00091,Rice,Groceries,1417.02,466550,8744,327,47245.67,32.34,9/1/2025,Google Ads
CAMPAIGN00092,Coffee,Beverages,4438.91,464660,26716,2655,972501.34,218.09,26/11/2024,Google Ads
CAMPAIGN00093,Eggs,Groceries,4959.97,122163,4111,181,69721.93,13.06,5/2/2025,Influencer Marketing
CAMPAIGN00094,Moisturizer,Personal Care,4699.2,92456,6347,1056,488593.97,102.97,19/1/2025,Referral
CAMPAIGN00095,Protein Bar,Snacks,1121.69,479547,19114,2907,355046.99,315.53,24/11/2024,Google Ads
CAMPAIGN00096,Milk,Groceries,2331.26,170831,5216,924,131290.75,55.32,30/11/2024,Instagram Ads
CAMPAIGN00097,Toothpaste,Personal Care,1307.08,385870,2062,56,20211.92,14.46,8/1/2025,Referral
CAMPAIGN00098,Chips,Snacks,801.24,285317,23564,957,121214.86,150.28,13/1/2025,Instagram Ads
CAMPAIGN00099,Energy Drink,Beverages,541.08,131434,4145,762,290813.28,536.47,18/11/2024,Instagram Ads
CAMPAIGN00100,Milk,Groceries,3967.68,135472,6562,802,272058.8,67.57,27/12/2024,Influencer Marketing
CAMPAIGN00101,Air Freshener,Household,2634.3,435522,1611,23,9328.14,2.54,9/12/2024,Influencer Marketing
CAMPAIGN00102,Detergent,Household,1278.08,232563,11826,489,110015.54,85.08,20/11/2024,Referral
CAMPAIGN00103,Toothpaste,Personal Care,2167.57,471430,34402,2302,222574.84,101.68,5/1/2025,Referral
CAMPAIGN00104,Nuts,Snacks,1045.9,226263,12148,1834,716535.3,684.09,8/1/2025,Influencer Marketing
CAMPAIGN00105,Garbage Bags,Household,1363.31,453751,1676,152,46991.18,33.47,28/1/2025,Google Ads
CAMPAIGN00106,Wheat Flour,Groceries,656.61,223913,3637,38,12120.25,17.46,26/11/2024,Google Ads
CAMPAIGN00107,Toothpaste,Personal Care,1227.27,482019,43124,3967,853274.82,694.26,22/11/2024,Email Campaign
CAMPAIGN00108,Protein Bar,Snacks,3605.5,426754,166,6,2275.1,-0.37,23/1/2025,Instagram Ads
CAMPAIGN00109,Shampoo,Personal Care,2812.67,287691,22442,2562,181044.16,63.37,27/1/2025,Instagram Ads
CAMPAIGN00110,Chocolate,Snacks,1151.01,178030,3927,140,66121.85,56.45,2/2/2025,Email Campaign
CAMPAIGN00111,Nuts,Snacks,3470.97,115626,4920,938,313963.36,89.45,28/12/2024,Referral
CAMPAIGN00112,Chips,Snacks,512.71,193196,13927,862,401593.99,782.28,8/2/2025,Google Ads
CAMPAIGN00113,Moisturizer,Personal Care,883.83,348604,32326,2186,958395.35,1083.37,23/12/2024,Instagram Ads
CAMPAIGN00114,Biscuits,Snacks,1260.95,288811,17446,3385,816968.73,646.9,7/1/2025,Referral
CAMPAIGN00115,Dishwasher Liquid,Household,208.58,155137,6125,365,156699.81,750.27,29/12/2024,Instagram Ads
CAMPAIGN00116,Air Freshener,Household,264.03,13539,1233,52,5815.15,21.02,3/2/2025,Instagram Ads
CAMPAIGN00117,Wheat Flour,Groceries,640.48,429370,3646,377,146161.08,227.21,1/1/2025,Influencer Marketing
CAMPAIGN00118,Garbage Bags,Household,4817.21,65175,1898,159,77067.2,15,8/12/2024,Referral
CAMPAIGN00119,Rice,Groceries,1787,133671,13172,499,198366.46,110.01,3/2/2025,Email Campaign
CAMPAIGN00120,Tea,Beverages,3931.22,479155,2198,254,21831.8,4.55,5/12/2024,Influencer Marketing
CAMPAIGN00121,Toothpaste,Personal Care,3558.16,105503,10025,684,174549.81,48.06,3/2/2025,Referral
CAMPAIGN00122,Air Freshener,Household,1282.98,4031,36,3,1368.61,0.07,3/12/2024,Google Ads
CAMPAIGN00123,Cooking Oil,Groceries,2915.15,91368,3703,561,199735.74,67.52,20/12/2024,Influencer Marketing
CAMPAIGN00124,Garbage Bags,Household,1868.16,28903,1738,265,125262.33,66.05,20/12/2024,Referral
CAMPAIGN00125,Nuts,Snacks,563.44,210984,15663,1542,621413.96,1101.89,11/12/2024,Influencer Marketing
CAMPAIGN00126,Air Freshener,Household,4851.5,84869,7887,669,147323.69,29.37,16/12/2024,Google Ads
CAMPAIGN00127,Shampoo,Personal Care,2903.31,453509,19391,1675,758046.3,260.1,5/12/2024,Email Campaign
CAMPAIGN00128,Dishwasher Liquid,Household,3783.68,173163,6562,551,253916.97,66.11,29/11/2024,Instagram Ads
CAMPAIGN00129,Toothpaste,Personal Care,2447.47,491313,5492,563,56191.17,21.96,19/11/2024,Instagram Ads
CAMPAIGN00130,Protein Bar,Snacks,1019.6,41976,2694,338,64976.58,62.73,7/2/2025,Referral
CAMPAIGN00131,Shampoo,Personal Care,4252.64,473183,17779,2016,588709.92,137.43,20/1/2025,Influencer Marketing
CAMPAIGN00132,Face Wash,Personal Care,3414.74,81903,7785,1194,189792.16,54.58,6/12/2024,Email Campaign
CAMPAIGN00133,Face Wash,Personal Care,1986.98,103496,2306,376,130616.25,64.74,28/11/2024,Referral
CAMPAIGN00134,Chocolate,Snacks,2303.32,11540,827,26,10072.67,3.37,3/1/2025,Referral
CAMPAIGN00135,Juice,Beverages,241.13,325189,21684,256,49356.91,203.69,19/12/2024,Email Campaign
CAMPAIGN00136,Eggs,Groceries,1378.01,30469,431,30,10633.46,6.72,25/11/2024,Referral
CAMPAIGN00137,Detergent,Household,3532.04,129631,903,135,50043.34,13.17,12/1/2025,Influencer Marketing
CAMPAIGN00138,Cooking Oil,Groceries,2223.06,191207,2573,445,44615.28,19.07,30/11/2024,Email Campaign
CAMPAIGN00139,Tea,Beverages,2124.43,275431,302,32,3222.55,0.52,9/12/2024,Instagram Ads
CAMPAIGN00140,Garbage Bags,Household,1419.94,200791,11288,708,249604.22,174.79,8/1/2025,Instagram Ads
CAMPAIGN00141,Cooking Oil,Groceries,4034.03,417384,6364,864,257660,62.87,9/2/2025,Referral
CAMPAIGN00142,Floor Cleaner,Household,3474.59,134058,11394,502,50138.22,13.43,21/12/2024,Instagram Ads
CAMPAIGN00143,Floor Cleaner,Household,3931.24,311049,22509,3628,1202063.95,304.77,2/2/2025,Influencer Marketing
CAMPAIGN00144,Nuts,Snacks,4475.64,242113,20685,1579,157981,34.3,30/12/2024,Instagram Ads
CAMPAIGN00145,Moisturizer,Personal Care,1756.35,198842,6844,115,27791.59,14.82,2/2/2025,Email Campaign
CAMPAIGN00146,Protein Bar,Snacks,1414.13,226593,916,83,38338.91,26.11,11/1/2025,Google Ads
CAMPAIGN00147,Moisturizer,Personal Care,1343.47,246836,21082,3062,984853.66,732.07,4/12/2024,Instagram Ads
CAMPAIGN00148,Cooking Oil,Groceries,1152.98,47824,3482,421,144147.33,124.02,12/12/2024,Email Campaign
CAMPAIGN00149,Milk,Groceries,3004.7,352286,17103,125,49934.03,15.62,5/12/2024,Instagram Ads
CAMPAIGN00150,Protein Bar,Snacks,3425.59,18290,1235,40,9018.42,1.63,24/11/2024,Influencer Marketing
CAMPAIGN00151,Garbage Bags,Household,3075.74,102800,5309,413,106182.98,33.52,14/11/2024,Email Campaign
CAMPAIGN00152,Garbage Bags,Household,4187.39,443125,42729,6987,2653158.49,632.61,30/1/2025,Email Campaign
CAMPAIGN00153,Face Wash,Personal Care,4765.94,18112,514,94,42149.3,7.84,31/12/2024,Email Campaign
CAMPAIGN00154,Cold Drink,Beverages,4811.54,437054,36250,5161,2498685.2,518.31,4/12/2024,Influencer Marketing
CAMPAIGN00155,Chips,Snacks,2706.54,213489,614,66,5568.84,1.06,26/11/2024,Instagram Ads
CAMPAIGN00156,Detergent,Household,1625.41,431471,37398,2895,550752.12,337.84,7/1/2025,Email Campaign
CAMPAIGN00157,Detergent,Household,2529.98,345362,21875,3615,1038380.42,409.43,30/1/2025,Google Ads
CAMPAIGN00158,Dishwasher Liquid,Household,967.23,326200,27757,5052,696830.71,719.44,3/12/2024,Email Campaign
CAMPAIGN00159,Energy Drink,Beverages,766.95,6044,192,30,11650.05,14.19,16/12/2024,Google Ads
CAMPAIGN00160,Shampoo,Personal Care,1649.51,412778,12954,866,342409.26,206.58,20/11/2024,Email Campaign
CAMPAIGN00161,Soap,Personal Care,3825.01,53538,449,26,8334.18,1.18,29/11/2024,Referral
CAMPAIGN00162,Cold Drink,Beverages,2975.13,129463,3721,155,15177.1,4.1,5/1/2025,Influencer Marketing
CAMPAIGN00163,Garbage Bags,Household,676.17,145651,2817,490,153362.83,225.81,17/1/2025,Referral
CAMPAIGN00164,Moisturizer,Personal Care,4314.05,151376,14064,1659,816310.29,188.22,13/1/2025,Email Campaign
CAMPAIGN00165,Eggs,Groceries,3318.14,106777,2569,311,61129.37,17.42,26/11/2024,Instagram Ads
CAMPAIGN00166,Eggs,Groceries,1003.27,277975,21067,754,96644.44,95.33,27/12/2024,Influencer Marketing
CAMPAIGN00167,Milk,Groceries,343.77,308544,8711,609,209629.46,608.8,1/1/2025,Referral
CAMPAIGN00168,Milk,Groceries,4058.16,235825,2805,225,16892.52,3.16,3/12/2024,Instagram Ads
CAMPAIGN00169,Toothpaste,Personal Care,3058.13,293880,21205,3029,522399.21,169.82,26/1/2025,Google Ads
CAMPAIGN00170,Garbage Bags,Household,2925.28,237684,3505,185,29086.88,8.94,24/12/2024,Google Ads
CAMPAIGN00171,Air Freshener,Household,1829.86,54892,735,124,24532.08,12.41,2/2/2025,Email Campaign
CAMPAIGN00172,Eggs,Groceries,4333.62,196799,12319,1879,680773.33,156.09,24/12/2024,Email Campaign
CAMPAIGN00173,Chocolate,Snacks,1679.77,11034,618,95,30050.32,16.89,31/12/2024,Google Ads
CAMPAIGN00174,Dishwasher Liquid,Household,4150.99,66819,6268,1181,515400.89,123.16,5/12/2024,Instagram Ads
CAMPAIGN00175,Cold Drink,Beverages,1815.67,199672,3084,322,127732.65,69.35,25/1/2025,Referral
CAMPAIGN00176,Detergent,Household,4503.31,465495,16685,259,45461.31,9.1,5/12/2024,Email Campaign
CAMPAIGN00177,Rice,Groceries,3024.29,236927,16290,712,324566.65,106.32,7/2/2025,Referral
CAMPAIGN00178,Moisturizer,Personal Care,3883.12,271611,20832,3514,1479386.1,379.98,3/1/2025,Google Ads
CAMPAIGN00179,Cooking Oil,Groceries,4403.91,352872,32405,3543,1159617.47,262.32,25/11/2024,Google Ads
CAMPAIGN00180,Juice,Beverages,765.11,14136,1057,42,19131.16,24,31/12/2024,Influencer Marketing
CAMPAIGN00181,Wheat Flour,Groceries,3866.47,196176,9106,1352,167084.69,42.21,18/11/2024,Referral
CAMPAIGN00182,Garbage Bags,Household,4637.99,347604,10615,1961,299790.06,63.64,25/1/2025,Instagram Ads
CAMPAIGN00183,Coffee,Beverages,3720.3,253854,18808,1024,479141.16,127.79,3/12/2024,Influencer Marketing
CAMPAIGN00184,Dishwasher Liquid,Household,3796.8,127021,5523,371,68445.27,17.03,13/1/2025,Google Ads
CAMPAIGN00185,Eggs,Groceries,2970.18,143272,106,14,1665.94,-0.44,27/11/2024,Instagram Ads
CAMPAIGN00186,Biscuits,Snacks,1687.16,110667,8698,124,56550.74,32.52,4/2/2025,Google Ads
CAMPAIGN00187,Milk,Groceries,517.17,84577,8340,453,25277.88,47.88,3/1/2025,Instagram Ads
CAMPAIGN00188,Garbage Bags,Household,4658.05,254023,7852,1516,666964.08,142.19,20/12/2024,Google Ads
CAMPAIGN00189,Face Wash,Personal Care,3106.17,318084,1674,245,89720.39,27.88,23/12/2024,Referral
CAMPAIGN00190,Biscuits,Snacks,3240.77,147792,12640,37,4401.19,0.36,30/12/2024,Google Ads
CAMPAIGN00191,Air Freshener,Household,3677.66,216240,14984,404,66069.93,16.97,11/12/2024,Influencer Marketing
CAMPAIGN00192,Soap,Personal Care,193.91,305399,22339,306,32020.28,164.13,24/1/2025,Google Ads
CAMPAIGN00193,Face Wash,Personal Care,853.59,272325,22361,1458,626340.67,732.77,13/11/2024,Referral
CAMPAIGN00194,Dishwasher Liquid,Household,167.59,52317,2716,357,165992.64,989.47,28/1/2025,Email Campaign
CAMPAIGN00195,Soap,Personal Care,584.88,448100,8180,1078,405123.33,691.66,23/1/2025,Influencer Marketing
CAMPAIGN00196,Eggs,Groceries,4790.16,368430,10801,1022,183830.1,37.38,19/1/2025,Instagram Ads
CAMPAIGN00197,Floor Cleaner,Household,2877.75,458406,39529,1252,181094.65,61.93,28/11/2024,Google Ads
CAMPAIGN00198,Juice,Beverages,1085.4,175814,9894,386,146494.25,133.97,22/11/2024,Referral
CAMPAIGN00199,Garbage Bags,Household,4056.33,168167,8173,1510,572113.47,140.04,20/11/2024,Google Ads
CAMPAIGN00200,Dishwasher Liquid,Household,352.36,51787,4256,741,182632.72,517.31,26/1/2025,Email Campaign
CAMPAIGN00201,Protein Bar,Snacks,3269.76,89492,6425,890,431522.36,130.97,16/12/2024,Google Ads
CAMPAIGN00202,Juice,Beverages,1984.2,3626,268,14,3432.92,0.73,6/2/2025,Influencer Marketing
CAMPAIGN00203,Garbage Bags,Household,3313.98,412379,7747,1319,604485.98,181.4,11/12/2024,Instagram Ads
CAMPAIGN00204,Juice,Beverages,207.16,425039,6769,898,152038.9,732.92,24/11/2024,Referral
CAMPAIGN00205,Chocolate,Snacks,1594.23,270576,14731,678,317619.93,198.23,13/12/2024,Email Campaign
CAMPAIGN00206,Chips,Snacks,347.62,65114,4074,772,182618.52,524.34,18/1/2025,Google Ads
CAMPAIGN00207,Dishwasher Liquid,Household,1247.65,346083,11655,1161,578066.91,462.32,9/2/2025,Influencer Marketing
CAMPAIGN00208,Rice,Groceries,1674.88,196468,5280,590,43931.25,25.23,1/12/2024,Influencer Marketing
CAMPAIGN00209,Biscuits,Snacks,826.95,313147,24402,162,19348.19,22.4,8/1/2025,Email Campaign
CAMPAIGN00210,Soap,Personal Care,4111.48,280258,11392,68,9402.61,1.29,26/1/2025,Email Campaign
CAMPAIGN00211,Chocolate,Snacks,852.97,475415,3862,50,15305.07,16.94,2/1/2025,Google Ads
CAMPAIGN00212,Biscuits,Snacks,4645.21,294351,26258,5132,1514462.25,325.03,24/11/2024,Email Campaign
CAMPAIGN00213,Energy Drink,Beverages,4764.99,128294,157,24,2640.91,-0.45,20/11/2024,Email Campaign
CAMPAIGN00214,Juice,Beverages,1208.41,231799,1605,130,63918.87,51.9,9/2/2025,Referral
CAMPAIGN00215,Air Freshener,Household,3246.41,407865,5703,667,96275.12,28.66,10/12/2024,Google Ads
CAMPAIGN00216,Biscuits,Snacks,1151.23,274479,4185,1,127.11,-0.89,2/1/2025,Influencer Marketing
CAMPAIGN00217,Juice,Beverages,509.4,267064,21850,1648,561800.61,1101.87,30/11/2024,Google Ads
CAMPAIGN00218,Soap,Personal Care,2393.21,192945,7953,204,81089.7,32.88,6/2/2025,Influencer Marketing
CAMPAIGN00219,Energy Drink,Beverages,4542.39,398288,9404,59,22017.34,3.85,24/1/2025,Google Ads
CAMPAIGN00220,Biscuits,Snacks,1195.51,481395,45560,7748,1533735.79,1281.91,4/1/2025,Email Campaign
CAMPAIGN00221,Protein Bar,Snacks,2793.51,421199,20728,215,42266,14.13,2/12/2024,Instagram Ads
CAMPAIGN00222,Eggs,Groceries,3474.83,420890,31292,5647,1962593.75,563.8,13/1/2025,Instagram Ads
CAMPAIGN00223,Eggs,Groceries,2473.75,61801,2229,273,100681.06,39.7,14/1/2025,Influencer Marketing
CAMPAIGN00224,Biscuits,Snacks,573.98,386515,7282,1431,612705.67,1066.47,20/11/2024,Influencer Marketing
CAMPAIGN00225,Energy Drink,Beverages,583.66,464556,30960,951,294037.56,502.78,7/1/2025,Email Campaign
CAMPAIGN00226,Milk,Groceries,2183.89,18040,1662,326,150692.83,68,24/12/2024,Influencer Marketing
CAMPAIGN00227,Face Wash,Personal Care,1463.59,76683,7274,201,49958.37,33.13,26/12/2024,Email Campaign
CAMPAIGN00228,Milk,Groceries,2334.72,26411,1343,234,78188.16,32.49,21/12/2024,Google Ads
CAMPAIGN00229,Cooking Oil,Groceries,911.68,386204,31316,2755,1068191.12,1170.67,20/1/2025,Google Ads
CAMPAIGN00230,Moisturizer,Personal Care,576.39,418363,1494,30,4710.87,7.17,9/12/2024,Influencer Marketing
CAMPAIGN00231,Tea,Beverages,748.08,394760,35641,4166,500849.26,668.51,20/1/2025,Google Ads
CAMPAIGN00232,Protein Bar,Snacks,2319.5,366996,30621,3135,361855.05,155.01,16/12/2024,Referral
CAMPAIGN00233,Moisturizer,Personal Care,2521.9,118582,9244,1500,114150.27,44.26,27/11/2024,Email Campaign
CAMPAIGN00234,Shampoo,Personal Care,3723.67,77030,5230,663,116034.06,30.16,29/11/2024,Referral
CAMPAIGN00235,Soap,Personal Care,4631.22,35017,836,28,5055.77,0.09,21/1/2025,Google Ads
CAMPAIGN00236,Rice,Groceries,1785.77,106936,8857,1620,572242.22,319.45,19/12/2024,Referral
CAMPAIGN00237,Moisturizer,Personal Care,3082.07,26884,2468,163,64073.71,19.79,25/12/2024,Email Campaign
CAMPAIGN00238,Cooking Oil,Groceries,1263.97,445213,16413,1959,326979.65,257.69,31/12/2024,Email Campaign
CAMPAIGN00239,Eggs,Groceries,2527.69,493902,39393,4510,1310331.72,517.39,21/11/2024,Influencer Marketing
CAMPAIGN00240,Detergent,Household,2594.94,34605,926,160,52219.07,19.12,14/1/2025,Instagram Ads
CAMPAIGN00241,Protein Bar,Snacks,4395.05,67855,2216,70,20625.18,3.69,5/1/2025,Influencer Marketing
CAMPAIGN00242,Rice,Groceries,759.08,65798,1172,190,22722.34,28.93,2/1/2025,Google Ads
CAMPAIGN00243,Tea,Beverages,2693.89,145649,996,17,1343.04,-0.5,25/12/2024,Influencer Marketing
CAMPAIGN00244,Cooking Oil,Groceries,2535.87,94211,3148,586,73481.73,27.98,2/1/2025,Google Ads
CAMPAIGN00245,Toothpaste,Personal Care,2355.3,197563,5346,33,10850.8,3.61,27/11/2024,Instagram Ads
CAMPAIGN00246,Floor Cleaner,Household,3698.09,439430,39797,6233,1842875.81,497.33,6/12/2024,Referral
CAMPAIGN00247,Tea,Beverages,2791.45,154094,9692,1867,451630.03,160.79,14/12/2024,Google Ads
CAMPAIGN00248,Cold Drink,Beverages,3889.35,103159,1269,222,51683.91,12.29,10/1/2025,Email Campaign
CAMPAIGN00249,Chocolate,Snacks,804.59,437854,9558,64,17783.24,21.1,16/12/2024,Email Campaign
CAMPAIGN00250,Milk,Groceries,2366.98,81197,7258,146,39978.1,15.89,7/1/2025,Google Ads
CAMPAIGN00251,Nuts,Snacks,1557.08,182018,6063,1023,108043.6,68.39,5/12/2024,Google Ads
CAMPAIGN00252,Air Freshener,Household,2727.76,191526,7296,116,9698.66,2.56,24/1/2025,Referral
CAMPAIGN00253,Shampoo,Personal Care,1783.7,287444,27679,1828,602053.7,336.53,21/1/2025,Referral
CAMPAIGN00254,Coffee,Beverages,2471.23,149220,14634,201,94425.74,37.21,2/12/2024,Email Campaign
CAMPAIGN00255,Energy Drink,Beverages,4228.77,396188,28159,3754,1350108.25,318.27,21/1/2025,Email Campaign
CAMPAIGN00256,Detergent,Household,2453.1,141537,3646,192,24196.55,8.86,24/1/2025,Google Ads
CAMPAIGN00257,Garbage Bags,Household,2873.51,147792,2954,570,196390.05,67.35,10/12/2024,Google Ads
CAMPAIGN00258,Milk,Groceries,163.53,273576,20700,476,109090.33,666.1,28/1/2025,Instagram Ads
CAMPAIGN00259,Toothpaste,Personal Care,4026.69,13146,1104,94,12526.39,2.11,1/2/2025,Google Ads
CAMPAIGN00260,Shampoo,Personal Care,3131.92,455564,13807,1099,285072.43,90.02,4/2/2025,Instagram Ads
CAMPAIGN00261,Face Wash,Personal Care,3480.13,421863,3318,600,165222.7,46.48,30/12/2024,Influencer Marketing
CAMPAIGN00262,Moisturizer,Personal Care,3297.04,118394,11194,653,120035.5,35.41,8/2/2025,Referral
CAMPAIGN00263,Milk,Groceries,2834.36,159873,12822,875,285128.2,99.6,5/1/2025,Email Campaign
CAMPAIGN00264,Cold Drink,Beverages,326.66,128990,11619,1370,355850.07,1088.36,9/1/2025,Instagram Ads
CAMPAIGN00265,Chips,Snacks,763.68,396219,13622,664,154966.87,201.92,30/11/2024,Email Campaign
CAMPAIGN00266,Cooking Oil,Groceries,4187.84,363389,9963,1193,226643.31,53.12,2/1/2025,Instagram Ads
CAMPAIGN00267,Milk,Groceries,1067.64,229291,1207,7,991.81,-0.07,13/1/2025,Email Campaign
CAMPAIGN00268,Nuts,Snacks,210.93,445448,35412,2921,232732.03,1102.36,15/11/2024,Email Campaign
CAMPAIGN00269,Chocolate,Snacks,218.56,232654,13961,1551,771812.27,3530.35,6/2/2025,Instagram Ads
CAMPAIGN00270,Dishwasher Liquid,Household,1485.73,358107,20744,1435,687181.55,461.52,27/12/2024,Instagram Ads
CAMPAIGN00271,Coffee,Beverages,3334.85,417551,101,20,1777.97,-0.47,27/12/2024,Instagram Ads
CAMPAIGN00272,Face Wash,Personal Care,388.7,255175,24777,123,40811.35,103.99,12/12/2024,Referral
CAMPAIGN00273,Shampoo,Personal Care,4717.39,490619,8009,1203,558463.33,117.38,3/12/2024,Instagram Ads
CAMPAIGN00274,Garbage Bags,Household,1305.5,2634,174,12,4110.14,2.15,7/1/2025,Referral
CAMPAIGN00275,Wheat Flour,Groceries,994.32,332114,29816,350,163989.35,163.93,24/1/2025,Google Ads
CAMPAIGN00276,Face Wash,Personal Care,526.3,116354,7642,803,77359.34,145.99,28/11/2024,Email Campaign
CAMPAIGN00277,Cold Drink,Beverages,1263.01,207726,16581,2714,991863.7,784.32,24/12/2024,Instagram Ads
CAMPAIGN00278,Milk,Groceries,1677.94,366531,11859,1067,365734.75,216.97,5/1/2025,Instagram Ads
CAMPAIGN00279,Garbage Bags,Household,3607.43,310353,454,30,11607.75,2.22,11/12/2024,Google Ads
CAMPAIGN00280,Biscuits,Snacks,4747.7,81074,4705,78,18426.1,2.88,12/11/2024,Influencer Marketing
CAMPAIGN00281,Moisturizer,Personal Care,3966.86,153214,15259,1519,243444.34,60.37,6/2/2025,Instagram Ads
CAMPAIGN00282,Milk,Groceries,1674.19,53337,2233,55,11090.68,5.62,1/2/2025,Google Ads
CAMPAIGN00283,Rice,Groceries,3231.77,291933,24712,2142,166303.67,50.46,6/2/2025,Referral
CAMPAIGN00284,Air Freshener,Household,982.44,393332,30480,5224,1963423.33,1997.52,8/1/2025,Google Ads
CAMPAIGN00285,Floor Cleaner,Household,2511.28,334581,5499,962,402080.89,159.11,16/12/2024,Referral
CAMPAIGN00286,Wheat Flour,Groceries,3042.37,397055,36816,4953,1965826.49,645.15,20/1/2025,Referral
CAMPAIGN00287,Juice,Beverages,2296.67,249651,15977,1145,403049.16,174.49,21/12/2024,Instagram Ads
CAMPAIGN00288,Protein Bar,Snacks,4946.32,269694,24778,2064,226623.63,44.82,26/11/2024,Google Ads
CAMPAIGN00289,Detergent,Household,1406.54,52529,420,80,22435.87,14.95,19/11/2024,Instagram Ads
CAMPAIGN00290,Nuts,Snacks,2851.41,32592,336,14,4616.55,0.62,12/12/2024,Google Ads
CAMPAIGN00291,Milk,Groceries,4606.6,150418,515,38,3407.56,-0.26,30/1/2025,Influencer Marketing
CAMPAIGN00292,Energy Drink,Beverages,4657.87,177368,1648,179,47228.55,9.14,9/2/2025,Email Campaign
CAMPAIGN00293,Cold Drink,Beverages,2955.85,369860,21695,2024,999824.09,337.25,13/1/2025,Instagram Ads
CAMPAIGN00294,Cold Drink,Beverages,2850.71,85571,3940,20,2749.91,-0.04,25/11/2024,Instagram Ads
CAMPAIGN00295,Moisturizer,Personal Care,931.76,109973,1638,95,16947.49,17.19,11/12/2024,Referral
CAMPAIGN00296,Rice,Groceries,4151.83,493156,36776,5606,1276523.86,306.46,10/12/2024,Email Campaign
CAMPAIGN00297,Chocolate,Snacks,2550.36,241298,6189,109,31429.43,11.32,2/12/2024,Referral
CAMPAIGN00298,Air Freshener,Household,3495.57,471846,20062,2926,772979.4,220.13,17/11/2024,Instagram Ads
CAMPAIGN00299,Rice,Groceries,4452.4,74369,2525,383,128061.16,27.76,9/2/2025,Instagram Ads
CAMPAIGN00300,Dishwasher Liquid,Household,1305.39,442319,6767,701,143443.58,108.89,23/1/2025,Referral
CAMPAIGN00301,Floor Cleaner,Household,2240.98,233605,7875,329,59847.56,25.71,15/12/2024,Instagram Ads
CAMPAIGN00302,Energy Drink,Beverages,3836.55,103879,10237,595,83561.02,20.78,15/11/2024,Instagram Ads
CAMPAIGN00303,Juice,Beverages,3209.91,389918,32936,3317,1488050.15,462.58,20/11/2024,Google Ads
CAMPAIGN00304,Tea,Beverages,1699.65,256357,19865,1880,155246.82,90.34,15/1/2025,Referral
CAMPAIGN00305,Chips,Snacks,1399.66,372871,8806,531,144613.69,102.32,16/11/2024,Influencer Marketing
CAMPAIGN00306,Rice,Groceries,2749.02,252790,17748,3164,1260856.32,457.66,3/2/2025,Google Ads
CAMPAIGN00307,Air Freshener,Household,543.87,54913,1257,226,91283.72,166.84,31/12/2024,Google Ads
CAMPAIGN00308,Floor Cleaner,Household,3862.38,291353,18740,2106,426394.36,109.4,29/11/2024,Google Ads
CAMPAIGN00309,Dishwasher Liquid,Household,4048.36,90749,5693,482,204318.93,49.47,9/1/2025,Influencer Marketing
CAMPAIGN00310,Detergent,Household,2364.76,280813,23944,3574,660749.83,278.42,4/2/2025,Email Campaign
CAMPAIGN00311,Nuts,Snacks,2142.17,115892,10831,1685,193820.22,89.48,22/12/2024,Influencer Marketing
CAMPAIGN00312,Cooking Oil,Groceries,4595.38,379132,3875,684,118617.4,24.81,3/2/2025,Instagram Ads
CAMPAIGN00313,Chips,Snacks,1401.63,160898,1851,256,84936.23,59.6,22/1/2025,Instagram Ads
CAMPAIGN00314,Rice,Groceries,586.92,468485,44321,829,172871.21,293.54,27/12/2024,Email Campaign
CAMPAIGN00315,Garbage Bags,Household,1135.75,326264,15735,2482,1160372.47,1020.68,29/11/2024,Instagram Ads
CAMPAIGN00316,Moisturizer,Personal Care,3640.17,183193,14541,310,75005.33,19.6,13/12/2024,Google Ads
CAMPAIGN00317,Rice,Groceries,3534.3,365111,11136,961,195940.46,54.44,14/11/2024,Google Ads
CAMPAIGN00318,Biscuits,Snacks,281.31,18043,315,7,3030.98,9.77,6/12/2024,Influencer Marketing
CAMPAIGN00319,Protein Bar,Snacks,2188.91,8287,279,31,13737.57,5.28,10/1/2025,Google Ads
CAMPAIGN00320,Dishwasher Liquid,Household,3112.95,232221,11033,1090,221494.88,70.15,25/11/2024,Referral
CAMPAIGN00321,Milk,Groceries,4480.14,269084,15636,309,34295.87,6.66,17/12/2024,Google Ads
CAMPAIGN00322,Dishwasher Liquid,Household,2960.25,234959,8360,591,50484.29,16.05,15/11/2024,Google Ads
CAMPAIGN00323,Nuts,Snacks,983.58,469401,37114,2577,471229.66,478.1,4/2/2025,Referral
CAMPAIGN00324,Cold Drink,Beverages,4595.93,268756,10322,1932,895089.49,193.76,22/11/2024,Influencer Marketing
CAMPAIGN00325,Milk,Groceries,3838.96,305677,66,9,3472.04,-0.1,29/1/2025,Referral
CAMPAIGN00326,Chocolate,Snacks,881.1,118869,10505,395,65509.23,73.35,27/1/2025,Influencer Marketing
CAMPAIGN00327,Wheat Flour,Groceries,2093.4,25216,2095,304,33053.91,14.79,4/2/2025,Email Campaign
CAMPAIGN00328,Shampoo,Personal Care,1137.43,386337,33387,2389,1004311.51,881.97,11/1/2025,Email Campaign
CAMPAIGN00329,Garbage Bags,Household,3230.31,230106,829,17,4905.16,0.52,3/2/2025,Influencer Marketing
CAMPAIGN00330,Biscuits,Snacks,4822.91,372074,26666,3930,534789.15,109.89,7/1/2025,Email Campaign
CAMPAIGN00331,Cold Drink,Beverages,2768.22,166300,13583,792,118083.65,41.66,28/12/2024,Referral
CAMPAIGN00332,Dishwasher Liquid,Household,1558.56,370552,15897,2802,353696.76,225.94,30/12/2024,Email Campaign
CAMPAIGN00333,Cold Drink,Beverages,4790.18,405301,27638,4261,536015.86,110.9,1/12/2024,Email Campaign
CAMPAIGN00334,Energy Drink,Beverages,4922.69,45463,3986,576,118945.82,23.16,26/12/2024,Referral
CAMPAIGN00335,Detergent,Household,635.14,426046,13298,490,87159.19,136.23,4/1/2025,Google Ads
CAMPAIGN00336,Rice,Groceries,3312.21,381617,33255,5686,586581.14,176.1,26/12/2024,Influencer Marketing
CAMPAIGN00337,Floor Cleaner,Household,619.18,177716,8913,1087,477369.04,769.97,26/11/2024,Google Ads
CAMPAIGN00338,Cooking Oil,Groceries,2771.92,476002,21706,2265,412369.09,147.77,3/2/2025,Email Campaign
CAMPAIGN00339,Floor Cleaner,Household,1053.82,136524,9437,499,39368.52,36.36,30/11/2024,Email Campaign
CAMPAIGN00340,Biscuits,Snacks,383.12,270869,10664,921,258230.52,673.02,30/1/2025,Referral
CAMPAIGN00341,Cold Drink,Beverages,215.34,278683,25259,4110,566280.25,2628.7,26/1/2025,Referral
CAMPAIGN00342,Air Freshener,Household,720.76,274861,13346,2023,860035.52,1192.23,7/12/2024,Influencer Marketing
CAMPAIGN00343,Cooking Oil,Groceries,168.21,12164,1146,219,44701.21,264.75,2/1/2025,Referral
CAMPAIGN00344,Dishwasher Liquid,Household,4523.06,306177,7081,184,44358.06,8.81,25/1/2025,Influencer Marketing
CAMPAIGN00345,Eggs,Groceries,2772.41,464004,22332,3438,516462.34,185.29,29/1/2025,Influencer Marketing
CAMPAIGN00346,Air Freshener,Household,3266.44,37316,2237,316,55977.31,16.14,30/11/2024,Instagram Ads
CAMPAIGN00347,Juice,Beverages,1968.44,424044,33895,655,231242.89,116.48,16/1/2025,Referral
CAMPAIGN00348,Protein Bar,Snacks,3282.52,47562,1756,280,115570.73,34.21,27/11/2024,Referral
CAMPAIGN00349,Moisturizer,Personal Care,3823.06,154124,4336,351,133975.87,34.04,20/12/2024,Email Campaign
CAMPAIGN00350,Cooking Oil,Groceries,2906.95,346688,24482,2718,637258.04,218.22,14/1/2025,Google Ads
CAMPAIGN00351,Moisturizer,Personal Care,3712.65,476756,35390,4871,907708.8,243.49,15/1/2025,Influencer Marketing
CAMPAIGN00352,Detergent,Household,322.24,154250,12327,448,91117.41,281.76,17/12/2024,Instagram Ads
CAMPAIGN00353,Detergent,Household,4647.85,116768,734,18,4075.38,-0.12,15/12/2024,Email Campaign
CAMPAIGN00354,Juice,Beverages,3646.42,146711,1847,301,35023.32,8.6,25/11/2024,Email Campaign
CAMPAIGN00355,Detergent,Household,3432.47,56537,4004,763,50694.62,13.77,18/11/2024,Influencer Marketing
CAMPAIGN00356,Wheat Flour,Groceries,2691.9,345625,19357,1007,455302.23,168.14,30/1/2025,Google Ads
CAMPAIGN00357,Nuts,Snacks,1191.48,306402,11177,466,133543.87,111.08,23/1/2025,Google Ads
CAMPAIGN00358,Face Wash,Personal Care,4991.91,5979,592,26,6211.14,0.24,25/1/2025,Referral
CAMPAIGN00359,Wheat Flour,Groceries,4300.56,27864,2627,405,67418.48,14.68,14/12/2024,Email Campaign
CAMPAIGN00360,Eggs,Groceries,1085.7,335167,15687,1012,359498.16,330.12,18/12/2024,Referral
CAMPAIGN00361,Energy Drink,Beverages,2845.62,6061,178,21,9873.62,2.47,7/1/2025,Google Ads
CAMPAIGN00362,Soap,Personal Care,2437.73,132188,4360,389,52567.65,20.56,8/1/2025,Influencer Marketing
CAMPAIGN00363,Face Wash,Personal Care,528.35,345403,25741,4161,233467.02,440.88,8/2/2025,Email Campaign
CAMPAIGN00364,Air Freshener,Household,758.99,428039,37375,5574,1508662.72,1986.72,7/1/2025,Instagram Ads
CAMPAIGN00365,Biscuits,Snacks,2320.91,421628,6207,77,21532.55,8.28,9/1/2025,Instagram Ads
CAMPAIGN00366,Eggs,Groceries,349.58,252682,15035,1640,509654.72,1456.91,13/12/2024,Influencer Marketing
CAMPAIGN00367,Chocolate,Snacks,1470.02,124268,8698,878,182632.64,123.24,1/1/2025,Email Campaign
CAMPAIGN00368,Shampoo,Personal Care,2096.08,496422,43890,3412,1334010.07,635.43,21/1/2025,Instagram Ads
CAMPAIGN00369,Dishwasher Liquid,Household,3280.76,369304,36803,3847,808939.63,245.57,26/11/2024,Referral
CAMPAIGN00370,Cooking Oil,Groceries,4503.76,188890,12239,1913,791153.51,174.67,6/1/2025,Instagram Ads
CAMPAIGN00371,Rice,Groceries,2905.02,113641,9909,1099,321736.75,109.75,5/2/2025,Google Ads
CAMPAIGN00372,Wheat Flour,Groceries,4390.06,148132,2692,51,23230.22,4.29,14/1/2025,Referral
CAMPAIGN00373,Biscuits,Snacks,622.76,199104,19209,3160,1443671.6,2317.18,12/12/2024,Google Ads
CAMPAIGN00374,Shampoo,Personal Care,1829.68,492768,22189,4140,991398.08,540.84,14/11/2024,Instagram Ads
CAMPAIGN00375,Moisturizer,Personal Care,4198.15,140929,10103,1887,904995.01,214.57,6/1/2025,Influencer Marketing
CAMPAIGN00376,Eggs,Groceries,461.13,254972,9368,1282,610772.07,1323.51,2/1/2025,Instagram Ads
CAMPAIGN00377,Soap,Personal Care,3942.77,1146,19,1,434.47,-0.89,14/12/2024,Google Ads
CAMPAIGN00378,Milk,Groceries,3900.29,371015,8637,1469,135785.74,33.81,18/11/2024,Influencer Marketing
CAMPAIGN00379,Chocolate,Snacks,2868.04,470147,42902,6752,2825186.63,984.06,3/2/2025,Instagram Ads
CAMPAIGN00380,Air Freshener,Household,913.12,207598,18871,1391,208934.89,227.81,18/11/2024,Google Ads
CAMPAIGN00381,Energy Drink,Beverages,3477.75,26370,2567,64,31866.76,8.16,4/12/2024,Referral
CAMPAIGN00382,Chocolate,Snacks,494.88,215086,1731,133,44410.78,88.74,30/1/2025,Email Campaign
CAMPAIGN00383,Floor Cleaner,Household,4054.48,108370,8453,176,21616.57,4.33,6/1/2025,Email Campaign
CAMPAIGN00384,Toothpaste,Personal Care,2757.14,281761,27433,76,35514.97,11.88,2/1/2025,Google Ads
CAMPAIGN00385,Energy Drink,Beverages,2589.18,366906,15799,2184,652100.39,250.86,1/1/2025,Instagram Ads
CAMPAIGN00386,Floor Cleaner,Household,2529,167178,16311,2898,304387.82,119.36,31/12/2024,Influencer Marketing
CAMPAIGN00387,Face Wash,Personal Care,4714.61,234215,7680,1016,417070.91,87.46,24/1/2025,Email Campaign
CAMPAIGN00388,Moisturizer,Personal Care,4300.86,218364,18985,1748,153597.67,34.71,23/12/2024,Instagram Ads
CAMPAIGN00389,Chocolate,Snacks,4912.67,424457,14060,403,73736.83,14.01,3/2/2025,Referral
CAMPAIGN00390,Garbage Bags,Household,3042.14,250418,15167,357,157778.24,50.86,14/12/2024,Influencer Marketing
CAMPAIGN00391,Garbage Bags,Household,4500.08,299310,13376,485,78817.08,16.51,14/1/2025,Influencer Marketing
CAMPAIGN00392,Floor Cleaner,Household,640.93,20764,928,97,5453.48,7.51,2/12/2024,Instagram Ads
CAMPAIGN00393,Nuts,Snacks,2861.05,408318,3762,290,86765.22,29.33,27/12/2024,Google Ads
CAMPAIGN00394,Cooking Oil,Groceries,4037.52,355915,28938,5480,1767533.76,436.78,6/1/2025,Influencer Marketing
CAMPAIGN00395,Cooking Oil,Groceries,1749.91,453347,26118,3807,1398139.58,797.98,30/11/2024,Email Campaign
CAMPAIGN00396,Chips,Snacks,3071.18,150939,253,45,3207.72,0.04,15/12/2024,Google Ads
CAMPAIGN00397,Face Wash,Personal Care,708.25,313752,11476,270,114990.71,161.36,26/1/2025,Referral
CAMPAIGN00398,Tea,Beverages,2614.63,407226,2172,7,2150.76,-0.18,11/1/2025,Email Campaign
CAMPAIGN00399,Air Freshener,Household,99.31,454139,38266,5345,1230875.87,12393.28,28/11/2024,Instagram Ads
CAMPAIGN00400,Floor Cleaner,Household,4221.62,272184,23646,4617,1429313.9,337.57,5/1/2025,Email Campaign
CAMPAIGN00401,Floor Cleaner,Household,992.35,115475,10379,1289,164914.44,165.19,30/12/2024,Referral
CAMPAIGN00402,Protein Bar,Snacks,389.84,475170,27824,1520,457679.09,1173.02,29/1/2025,Instagram Ads
CAMPAIGN00403,Moisturizer,Personal Care,1979.56,36906,277,36,8776.7,3.43,15/12/2024,Influencer Marketing
CAMPAIGN00404,Nuts,Snacks,2551.08,363212,18544,3173,1116093.84,436.5,4/12/2024,Referral
CAMPAIGN00405,Eggs,Groceries,2844.58,39569,2763,272,121719.68,41.79,26/11/2024,Influencer Marketing
CAMPAIGN00406,Wheat Flour,Groceries,1311.25,139786,13652,2014,255446.94,193.81,15/12/2024,Referral
CAMPAIGN00407,Floor Cleaner,Household,205.63,46819,2102,209,31889.03,154.08,24/1/2025,Influencer Marketing
CAMPAIGN00408,Protein Bar,Snacks,1460.28,102471,5220,718,36534.87,24.02,21/12/2024,Email Campaign
CAMPAIGN00409,Cooking Oil,Groceries,4421.23,3877,361,64,8636.82,0.95,22/11/2024,Influencer Marketing
CAMPAIGN00410,Face Wash,Personal Care,1656.54,452555,31970,1818,777454.06,468.32,31/12/2024,Email Campaign
CAMPAIGN00411,Soap,Personal Care,101.87,120704,1252,143,42742.38,418.58,29/11/2024,Email Campaign
CAMPAIGN00412,Eggs,Groceries,1096.93,347336,16316,728,162101.7,146.78,1/1/2025,Google Ads
CAMPAIGN00413,Milk,Groceries,1125.82,167157,15200,2652,274055.91,242.43,23/1/2025,Referral
CAMPAIGN00414,Garbage Bags,Household,1167.68,64283,2733,192,73027.47,61.54,31/12/2024,Email Campaign
CAMPAIGN00415,Coffee,Beverages,4958.68,67041,5583,562,99457.07,19.06,14/1/2025,Influencer Marketing
CAMPAIGN00416,Chips,Snacks,1352.86,14503,1405,8,2922.34,1.16,26/11/2024,Instagram Ads
CAMPAIGN00417,Chips,Snacks,2319.99,429395,39871,1617,163101.56,69.3,8/2/2025,Influencer Marketing
CAMPAIGN00418,Garbage Bags,Household,2475.41,341800,3903,535,131790.94,52.24,11/12/2024,Google Ads
CAMPAIGN00419,Juice,Beverages,3618.59,401506,9446,571,174918.63,47.34,2/2/2025,Google Ads
CAMPAIGN00420,Cooking Oil,Groceries,630.88,395585,14441,2330,1018730.31,1613.78,25/11/2024,Referral
CAMPAIGN00421,Garbage Bags,Household,3425.68,276125,13278,922,306135.16,88.36,25/1/2025,Instagram Ads
CAMPAIGN00422,Toothpaste,Personal Care,4363.87,29931,1658,15,7017.08,0.61,23/1/2025,Email Campaign
CAMPAIGN00423,Moisturizer,Personal Care,4460.66,132680,4047,625,206820.03,45.37,26/12/2024,Influencer Marketing
CAMPAIGN00424,Shampoo,Personal Care,4940.77,444342,7909,334,139145.13,27.16,30/11/2024,Google Ads
CAMPAIGN00425,Wheat Flour,Groceries,1158.17,494660,31375,4231,600976.03,517.9,26/1/2025,Instagram Ads
CAMPAIGN00426,Energy Drink,Beverages,3454.75,408895,16710,2959,1406110.25,406.01,17/11/2024,Google Ads
CAMPAIGN00427,Shampoo,Personal Care,4000.11,53486,1587,6,920.36,-0.77,29/12/2024,Referral
CAMPAIGN00428,Juice,Beverages,4370.4,477076,8020,196,75241.02,16.22,12/11/2024,Email Campaign
CAMPAIGN00429,Moisturizer,Personal Care,4153.81,124127,6389,1226,107944.03,24.99,11/12/2024,Google Ads
CAMPAIGN00430,Cold Drink,Beverages,3287.32,118960,2420,375,140751.68,41.82,24/1/2025,Instagram Ads
CAMPAIGN00431,Soap,Personal Care,516.95,484624,48246,4416,1797463.85,3476.06,12/1/2025,Google Ads
CAMPAIGN00432,Face Wash,Personal Care,4675.44,251093,4658,507,243524.83,51.09,3/1/2025,Email Campaign
CAMPAIGN00433,Cold Drink,Beverages,2766.8,23355,1772,201,47503.32,16.17,3/1/2025,Instagram Ads
CAMPAIGN00434,Milk,Groceries,3229.22,347485,9619,1494,630800.28,194.34,18/11/2024,Email Campaign
CAMPAIGN00435,Biscuits,Snacks,3888.65,71935,3436,92,31646.06,7.14,1/1/2025,Influencer Marketing
CAMPAIGN00436,Energy Drink,Beverages,4242.47,492249,4560,143,8082.98,0.91,23/1/2025,Instagram Ads
CAMPAIGN00437,Floor Cleaner,Household,2079.22,240306,13819,772,364620.15,174.36,4/2/2025,Instagram Ads
CAMPAIGN00438,Floor Cleaner,Household,1761.53,165871,12434,2397,513573.08,290.55,30/12/2024,Instagram Ads
CAMPAIGN00439,Wheat Flour,Groceries,1706.57,419843,18568,3453,945490.76,553.03,4/1/2025,Google Ads
CAMPAIGN00440,Dishwasher Liquid,Household,3771.58,254495,526,35,6479.85,0.72,8/2/2025,Google Ads
CAMPAIGN00441,Detergent,Household,1530.76,210156,14153,2314,635754.17,414.32,8/2/2025,Referral
CAMPAIGN00442,Chocolate,Snacks,2570.41,148443,13547,1494,279810.18,107.86,7/12/2024,Google Ads
CAMPAIGN00443,Coffee,Beverages,3431.96,219521,16637,1993,706433.24,204.84,24/1/2025,Instagram Ads
CAMPAIGN00444,Rice,Groceries,2348.94,309452,29648,4062,1564202.23,664.92,28/12/2024,Referral
CAMPAIGN00445,Shampoo,Personal Care,997.2,498563,35753,4827,594304.99,594.97,30/1/2025,Referral
CAMPAIGN00446,Garbage Bags,Household,811.87,458182,24546,4429,287282.08,352.85,13/1/2025,Influencer Marketing
CAMPAIGN00447,Coffee,Beverages,1382.95,264222,335,36,6254.02,3.52,29/11/2024,Instagram Ads
CAMPAIGN00448,Nuts,Snacks,1669.51,346427,11053,514,212886.58,126.51,22/11/2024,Instagram Ads
CAMPAIGN00449,Face Wash,Personal Care,1698.96,58161,138,25,10830.58,5.37,9/2/2025,Influencer Marketing
CAMPAIGN00450,Chocolate,Snacks,2606.74,78088,7062,122,57144.12,20.92,15/12/2024,Referral
CAMPAIGN00451,Nuts,Snacks,813.24,51439,4838,940,103737.3,126.56,27/11/2024,Email Campaign
CAMPAIGN00452,Cold Drink,Beverages,2479.32,387819,27083,5204,1050961.81,422.89,12/12/2024,Influencer Marketing
CAMPAIGN00453,Air Freshener,Household,2614.31,392400,36026,5053,867279.1,330.74,1/1/2025,Instagram Ads
CAMPAIGN00454,Juice,Beverages,3356.81,55768,4180,594,202467.18,59.32,18/1/2025,Email Campaign
CAMPAIGN00455,Detergent,Household,4940.97,37593,1801,209,21472.27,3.35,17/12/2024,Referral
CAMPAIGN00456,Juice,Beverages,4322.83,398633,16109,1731,364005.82,83.21,27/11/2024,Instagram Ads
CAMPAIGN00457,Cooking Oil,Groceries,2314.19,46596,1262,33,4841.75,1.09,30/1/2025,Google Ads
CAMPAIGN00458,Cooking Oil,Groceries,1065.16,194698,10345,252,101007.88,93.83,22/12/2024,Instagram Ads
CAMPAIGN00459,Chocolate,Snacks,4098.9,26792,1433,60,14909.98,2.64,14/11/2024,Influencer Marketing
CAMPAIGN00460,Cooking Oil,Groceries,2492.85,233087,5077,216,30167.13,11.1,1/2/2025,Email Campaign
CAMPAIGN00461,Soap,Personal Care,4310.73,216951,13252,416,163405.54,36.91,6/12/2024,Google Ads
CAMPAIGN00462,Soap,Personal Care,1122.18,47325,2689,373,144777.68,128.01,19/11/2024,Influencer Marketing
CAMPAIGN00463,Face Wash,Personal Care,2895.75,238270,2075,36,10546.18,2.64,21/11/2024,Referral
CAMPAIGN00464,Nuts,Snacks,2468.82,448976,32171,377,57663.81,22.36,5/1/2025,Influencer Marketing
CAMPAIGN00465,Moisturizer,Personal Care,2902.8,201981,4660,620,137967.8,46.53,1/12/2024,Referral
CAMPAIGN00466,Energy Drink,Beverages,1123.34,289175,22364,341,164584.2,145.51,16/1/2025,Google Ads
CAMPAIGN00467,Protein Bar,Snacks,2286.49,221726,3877,671,91919.96,39.2,12/11/2024,Referral
CAMPAIGN00468,Coffee,Beverages,662.28,257558,23145,863,321301.14,484.14,9/2/2025,Influencer Marketing
CAMPAIGN00469,Milk,Groceries,1514.61,472109,6751,547,193556.75,126.79,4/2/2025,Google Ads
CAMPAIGN00470,Rice,Groceries,432.44,250891,13875,2095,361719.25,835.46,7/12/2024,Email Campaign
CAMPAIGN00471,Protein Bar,Snacks,1969.36,471187,37409,3359,1227147.77,622.12,27/1/2025,Referral
CAMPAIGN00472,Shampoo,Personal Care,271.03,32171,2436,180,86435.55,317.92,9/12/2024,Referral
CAMPAIGN00473,Moisturizer,Personal Care,3144.68,5955,593,102,21588.27,5.87,13/1/2025,Referral
CAMPAIGN00474,Rice,Groceries,2798.59,452477,42808,3826,1260373.34,449.36,18/11/2024,Google Ads
CAMPAIGN00475,Wheat Flour,Groceries,329.77,405779,22057,1076,437534.49,1325.79,30/12/2024,Instagram Ads
CAMPAIGN00476,Dishwasher Liquid,Household,2324.99,304439,25548,4147,1351738.05,580.4,1/1/2025,Email Campaign
CAMPAIGN00477,Moisturizer,Personal Care,222.1,87276,1204,155,15534.28,68.94,30/1/2025,Referral
CAMPAIGN00478,Protein Bar,Snacks,189.45,245246,14666,194,82372.25,433.8,15/12/2024,Influencer Marketing
CAMPAIGN00479,Dishwasher Liquid,Household,2443.45,269341,3552,506,57047.61,22.35,22/11/2024,Google Ads
CAMPAIGN00480,Face Wash,Personal Care,415.74,403490,13311,1758,751343.2,1806.24,16/1/2025,Referral
CAMPAIGN00481,Floor Cleaner,Household,3900.2,43207,3487,695,137600.5,34.28,9/12/2024,Referral
CAMPAIGN00482,Juice,Beverages,3373.67,259871,19357,688,324237.45,95.11,15/12/2024,Influencer Marketing
CAMPAIGN00483,Tea,Beverages,4879.66,487753,35528,2943,453119.91,91.86,7/2/2025,Google Ads
CAMPAIGN00484,Rice,Groceries,125.21,325113,17007,2109,898374.68,7173.94,26/12/2024,Google Ads
CAMPAIGN00485,Detergent,Household,1495.02,399202,26683,1656,133165,88.07,15/12/2024,Google Ads
CAMPAIGN00486,Cooking Oil,Groceries,421.69,377934,21132,336,126969.95,300.1,16/1/2025,Referral
CAMPAIGN00487,Milk,Groceries,2629.29,262157,12027,2233,628159.24,237.91,22/1/2025,Google Ads
CAMPAIGN00488,Toothpaste,Personal Care,3632.39,319839,16905,2416,807596.41,221.33,24/1/2025,Referral
CAMPAIGN00489,Shampoo,Personal Care,56.51,40157,46,3,344.68,5.1,24/1/2025,Instagram Ads
CAMPAIGN00490,Chips,Snacks,414.6,426042,10704,2035,575751.84,1387.69,25/12/2024,Referral
CAMPAIGN00491,Biscuits,Snacks,4868.11,351619,1269,29,6103.61,0.25,29/11/2024,Google Ads
CAMPAIGN00492,Juice,Beverages,3432.96,68572,398,49,13814.73,3.02,5/1/2025,Google Ads
CAMPAIGN00493,Toothpaste,Personal Care,4719.85,447241,29734,1099,330467.87,69.02,30/12/2024,Referral
CAMPAIGN00494,Face Wash,Personal Care,4585.52,288274,19739,3283,1559236.89,339.03,25/11/2024,Email Campaign
CAMPAIGN00495,Juice,Beverages,2795.56,131543,1361,114,11826.61,3.23,13/12/2024,Instagram Ads
CAMPAIGN00496,Air Freshener,Household,1629.08,214268,19777,3515,1496323.67,917.51,4/2/2025,Email Campaign
CAMPAIGN00497,Face Wash,Personal Care,1893.94,143829,9526,1644,152305.06,79.42,11/12/2024,Influencer Marketing
CAMPAIGN00498,Energy Drink,Beverages,578.69,6005,374,26,5552.09,8.59,10/1/2025,Instagram Ads
CAMPAIGN00499,Biscuits,Snacks,74.17,49711,1787,292,124226.71,1673.89,27/1/2025,Google Ads
CAMPAIGN00500,Rice,Groceries,2639.17,128710,10715,732,122275.36,45.33,29/1/2025,Email Campaign
CAMPAIGN00501,Face Wash,Personal Care,2348.72,368562,359,3,566.66,-0.76,30/1/2025,Influencer Marketing
CAMPAIGN00502,Wheat Flour,Groceries,4820.2,333268,9731,795,110514.39,21.93,2/2/2025,Referral
CAMPAIGN00503,Eggs,Groceries,1366.88,418936,30908,698,110568.35,79.89,19/12/2024,Influencer Marketing
CAMPAIGN00504,Nuts,Snacks,3944.97,151138,11628,1882,260584.41,65.05,27/1/2025,Google Ads
CAMPAIGN00505,Coffee,Beverages,809.69,86102,2132,77,26749.58,32.04,22/1/2025,Instagram Ads
CAMPAIGN00506,Dishwasher Liquid,Household,2480.99,13927,933,128,16251.35,5.55,9/1/2025,Google Ads
CAMPAIGN00507,Protein Bar,Snacks,4748.5,396758,8204,445,152467.41,31.11,19/11/2024,Referral
CAMPAIGN00508,Coffee,Beverages,4878.81,89749,1938,38,16475.15,2.38,8/2/2025,Google Ads
CAMPAIGN00509,Tea,Beverages,3484.27,231190,1742,95,36531.01,9.48,26/1/2025,Email Campaign
CAMPAIGN00510,Soap,Personal Care,2643.89,460895,3847,276,28483.78,9.77,29/11/2024,Instagram Ads
CAMPAIGN00511,Toothpaste,Personal Care,4195.05,236945,11789,141,68506.16,15.33,15/12/2024,Google Ads
CAMPAIGN00512,Garbage Bags,Household,3768.81,217516,3609,59,3379.33,-0.1,5/12/2024,Referral
CAMPAIGN00513,Chips,Snacks,3643.64,226708,8014,1210,273931.31,74.18,19/12/2024,Influencer Marketing
CAMPAIGN00514,Biscuits,Snacks,3063.39,113812,8503,1144,483738.62,156.91,11/12/2024,Instagram Ads
CAMPAIGN00515,Nuts,Snacks,982.78,396961,18608,1187,244791.43,248.08,4/1/2025,Influencer Marketing
CAMPAIGN00516,Energy Drink,Beverages,494.1,297249,2466,220,45725.82,91.54,1/12/2024,Email Campaign
CAMPAIGN00517,Energy Drink,Beverages,4014.06,221819,4230,102,19054.75,3.75,14/12/2024,Referral
CAMPAIGN00518,Rice,Groceries,4943.46,266898,8632,921,391738.22,78.24,18/12/2024,Google Ads
CAMPAIGN00519,Face Wash,Personal Care,3861.46,478078,16207,104,27186.44,6.04,5/12/2024,Influencer Marketing
CAMPAIGN00520,Cooking Oil,Groceries,1413.45,116500,7244,556,231521.18,162.8,9/1/2025,Referral
CAMPAIGN00521,Soap,Personal Care,1917.33,383246,33938,2214,157134.67,80.95,10/12/2024,Instagram Ads
CAMPAIGN00522,Garbage Bags,Household,3186.74,151814,3052,192,56532,16.74,16/12/2024,Google Ads
CAMPAIGN00523,Detergent,Household,2153.99,34099,781,31,13665.31,5.34,31/12/2024,Influencer Marketing
CAMPAIGN00524,Cooking Oil,Groceries,984.81,216728,8952,809,401789.76,406.99,10/1/2025,Influencer Marketing
CAMPAIGN00525,Moisturizer,Personal Care,4147.74,269788,9323,641,309171.86,73.54,1/12/2024,Google Ads
CAMPAIGN00526,Dishwasher Liquid,Household,3494.64,152597,14675,1082,417153.26,118.37,20/12/2024,Referral
CAMPAIGN00527,Eggs,Groceries,1850.18,252526,12772,1151,494339.6,266.18,17/1/2025,Instagram Ads
CAMPAIGN00528,Juice,Beverages,2958.03,454084,24149,2673,922535.61,310.88,17/12/2024,Instagram Ads
CAMPAIGN00529,Nuts,Snacks,3835.55,159239,15753,2339,1014996.5,263.63,7/12/2024,Google Ads
CAMPAIGN00530,Nuts,Snacks,2212.71,84258,5603,573,249742.82,111.87,22/12/2024,Instagram Ads
CAMPAIGN00531,Protein Bar,Snacks,2149.49,440660,40369,4006,1720617.03,799.48,30/11/2024,Instagram Ads
CAMPAIGN00532,Chocolate,Snacks,1552.6,345752,18810,26,3164.96,1.04,22/11/2024,Email Campaign
CAMPAIGN00533,Chocolate,Snacks,4294.85,436894,28518,1342,657698,152.14,13/1/2025,Instagram Ads
CAMPAIGN00534,Protein Bar,Snacks,2724.22,400952,38633,5032,1708107.76,626.01,29/1/2025,Google Ads
CAMPAIGN00535,Cooking Oil,Groceries,2712.4,299754,28644,5646,2661840.13,980.36,5/12/2024,Instagram Ads
CAMPAIGN00536,Cooking Oil,Groceries,4921.18,161372,9896,1082,416139.73,83.56,3/2/2025,Email Campaign
CAMPAIGN00537,Wheat Flour,Groceries,155.45,226792,4068,98,40494.67,259.5,26/11/2024,Influencer Marketing
CAMPAIGN00538,Toothpaste,Personal Care,658.44,22459,349,62,3739.07,4.68,2/12/2024,Instagram Ads
CAMPAIGN00539,Toothpaste,Personal Care,1725.73,33602,1079,82,24631.96,13.27,5/2/2025,Google Ads
CAMPAIGN00540,Chips,Snacks,3181.47,386328,9746,26,2039.64,-0.36,10/12/2024,Google Ads
CAMPAIGN00541,Detergent,Household,945.77,333488,5462,903,236947.93,249.53,15/1/2025,Google Ads
CAMPAIGN00542,Floor Cleaner,Household,2718.79,381622,37412,5291,1708881.1,627.54,1/2/2025,Email Campaign
CAMPAIGN00543,Milk,Groceries,1029.61,498232,45805,7615,2537751.46,2463.77,3/2/2025,Google Ads
CAMPAIGN00544,Soap,Personal Care,759.38,74980,7433,594,177398.66,232.61,8/1/2025,Email Campaign
CAMPAIGN00545,Juice,Beverages,426.47,311473,2094,15,7477.89,16.53,24/11/2024,Email Campaign
CAMPAIGN00546,Dishwasher Liquid,Household,1486.65,89453,8215,978,85956.87,56.82,20/12/2024,Referral
CAMPAIGN00547,Detergent,Household,1170.78,80200,3526,24,10891.88,8.3,21/1/2025,Influencer Marketing
CAMPAIGN00548,Biscuits,Snacks,196.86,200507,9815,807,220235.26,1117.74,11/12/2024,Referral
CAMPAIGN00549,Rice,Groceries,4936.3,269512,25618,4845,994013.91,200.37,5/1/2025,Google Ads
CAMPAIGN00550,Detergent,Household,4342.06,312371,7146,524,26905.39,5.2,22/1/2025,Influencer Marketing
CAMPAIGN00551,Coffee,Beverages,2450.44,69871,5812,744,371692.63,150.68,25/12/2024,Google Ads
CAMPAIGN00552,Eggs,Groceries,968.79,257612,68,8,3384.78,2.49,11/12/2024,Google Ads
CAMPAIGN00553,Eggs,Groceries,2998.69,147190,3467,106,21063.86,6.02,31/12/2024,Email Campaign
CAMPAIGN00554,Dishwasher Liquid,Household,2581.51,325981,15167,2875,234750.97,89.94,13/11/2024,Email Campaign
CAMPAIGN00555,Detergent,Household,4774.38,478892,7798,676,34406.26,6.21,14/12/2024,Referral
CAMPAIGN00556,Dishwasher Liquid,Household,2645.95,414335,10283,1694,448252.4,168.41,14/12/2024,Referral
CAMPAIGN00557,Face Wash,Personal Care,4005.7,472724,12774,1152,462513.79,114.46,17/11/2024,Instagram Ads
CAMPAIGN00558,Tea,Beverages,4089.67,137892,9169,689,56263.24,12.76,11/12/2024,Influencer Marketing
CAMPAIGN00559,Energy Drink,Beverages,1419.34,20363,948,92,16769.23,10.81,16/12/2024,Google Ads
CAMPAIGN00560,Chocolate,Snacks,2280,324684,12999,308,39844.11,16.48,3/1/2025,Influencer Marketing
CAMPAIGN00561,Wheat Flour,Groceries,4116.69,161358,1781,233,75108.18,17.24,4/12/2024,Google Ads
CAMPAIGN00562,Biscuits,Snacks,2025.32,395086,14494,728,215393.57,105.35,21/12/2024,Email Campaign
CAMPAIGN00563,Milk,Groceries,3938.47,223754,9093,3,780.46,-0.8,30/12/2024,Referral
CAMPAIGN00564,Toothpaste,Personal Care,4801.12,249470,15379,597,101958.5,20.24,9/2/2025,Email Campaign
CAMPAIGN00565,Cooking Oil,Groceries,666.88,425048,8947,156,8283.13,11.42,9/2/2025,Instagram Ads
CAMPAIGN00566,Dishwasher Liquid,Household,4256.91,62233,1938,204,34435.04,7.09,26/11/2024,Email Campaign
CAMPAIGN00567,Floor Cleaner,Household,4787.45,237078,12514,1658,615814.33,127.63,16/12/2024,Instagram Ads
CAMPAIGN00568,Coffee,Beverages,3339.95,49330,2000,236,66595.93,18.94,30/1/2025,Referral
CAMPAIGN00569,Garbage Bags,Household,4878.43,150465,11685,1417,143027.6,28.32,30/1/2025,Referral
CAMPAIGN00570,Wheat Flour,Groceries,1600.32,41730,932,91,21262.44,12.29,17/1/2025,Instagram Ads
CAMPAIGN00571,Soap,Personal Care,2238.47,406338,37517,1825,775228.41,345.32,24/1/2025,Referral
CAMPAIGN00572,Energy Drink,Beverages,863.41,229513,537,89,40438.51,45.84,14/11/2024,Instagram Ads
CAMPAIGN00573,Wheat Flour,Groceries,1029.79,398922,22611,1753,177406.74,171.27,5/1/2025,Google Ads
CAMPAIGN00574,Moisturizer,Personal Care,3475.27,9191,914,131,48168.72,12.86,29/1/2025,Google Ads
CAMPAIGN00575,Tea,Beverages,1127.26,53452,4286,265,86392.94,75.64,26/1/2025,Instagram Ads
CAMPAIGN00576,Milk,Groceries,3614.64,383546,10836,1432,195220.92,53.01,4/12/2024,Google Ads
CAMPAIGN00577,Dishwasher Liquid,Household,1387.17,174484,15598,1839,602467.82,433.31,16/1/2025,Instagram Ads
CAMPAIGN00578,Shampoo,Personal Care,85.9,202465,12787,1555,628432.97,7314.87,23/1/2025,Google Ads
CAMPAIGN00579,Chips,Snacks,540.05,172567,1375,243,23603.06,42.71,17/11/2024,Instagram Ads
CAMPAIGN00580,Milk,Groceries,908.34,63209,2456,30,8587.62,8.45,18/1/2025,Influencer Marketing
CAMPAIGN00581,Dishwasher Liquid,Household,3967.83,194643,5694,585,199900.39,49.38,23/12/2024,Referral
CAMPAIGN00582,Wheat Flour,Groceries,2593.8,124749,3702,736,330688.59,126.49,4/1/2025,Email Campaign
CAMPAIGN00583,Biscuits,Snacks,580.1,356879,27586,2693,231568.24,398.19,12/12/2024,Instagram Ads
CAMPAIGN00584,Air Freshener,Household,4395.71,96906,733,63,18703.69,3.25,14/12/2024,Referral
CAMPAIGN00585,Rice,Groceries,769.11,444070,27115,4986,1024493.82,1331.05,3/1/2025,Instagram Ads
CAMPAIGN00586,Biscuits,Snacks,1648.55,394843,10172,1735,799864.97,484.19,16/11/2024,Instagram Ads
CAMPAIGN00587,Moisturizer,Personal Care,2499.02,161454,14874,956,403993.05,160.66,27/11/2024,Referral
CAMPAIGN00588,Floor Cleaner,Household,4598.85,269806,22065,3137,671798.92,145.08,14/1/2025,Referral
CAMPAIGN00589,Tea,Beverages,3733.25,310496,17471,2785,566949.2,150.86,31/1/2025,Instagram Ads
CAMPAIGN00590,Chips,Snacks,4228.19,405926,24329,3379,721698.2,169.69,25/1/2025,Instagram Ads
CAMPAIGN00591,Face Wash,Personal Care,4986.89,291695,19169,1344,484967.14,96.25,9/2/2025,Referral
CAMPAIGN00592,Wheat Flour,Groceries,1628.85,217723,3952,2,501.94,-0.69,16/11/2024,Instagram Ads
CAMPAIGN00593,Toothpaste,Personal Care,1530.09,17228,995,157,20135.54,12.16,3/12/2024,Referral
CAMPAIGN00594,Rice,Groceries,673.34,135472,3458,438,165647.43,245.01,23/12/2024,Referral
CAMPAIGN00595,Biscuits,Snacks,3721.95,137893,1307,65,31268.22,7.4,29/12/2024,Google Ads
CAMPAIGN00596,Protein Bar,Snacks,1930.58,408062,9705,1320,525016.98,270.95,24/1/2025,Google Ads
CAMPAIGN00597,Protein Bar,Snacks,4934.38,34408,811,101,32419.7,5.57,6/2/2025,Email Campaign
CAMPAIGN00598,Protein Bar,Snacks,1591.85,454265,11950,1174,296543.75,185.29,18/11/2024,Influencer Marketing
CAMPAIGN00599,Cold Drink,Beverages,1136.81,263930,6777,1054,340287.26,298.34,30/11/2024,Referral
CAMPAIGN00600,Shampoo,Personal Care,4403.91,448549,11678,1965,740268.07,167.09,31/1/2025,Google Ads
CAMPAIGN00601,Dishwasher Liquid,Household,4642.57,330738,25086,1405,209609.41,44.15,27/11/2024,Referral
CAMPAIGN00602,Juice,Beverages,2323.07,164613,11947,581,81728.41,34.18,25/11/2024,Google Ads
CAMPAIGN00603,Tea,Beverages,3163.69,27214,1307,53,20289.5,5.41,27/11/2024,Google Ads
CAMPAIGN00604,Air Freshener,Household,3922.49,189858,18614,1395,551041.31,139.48,6/2/2025,Email Campaign
CAMPAIGN00605,Chocolate,Snacks,491.35,374170,27736,3814,1433204.61,2915.87,14/11/2024,Google Ads
CAMPAIGN00606,Floor Cleaner,Household,2839.52,37748,1006,115,10562.66,2.72,2/1/2025,Instagram Ads
CAMPAIGN00607,Floor Cleaner,Household,4710.32,175251,15131,1753,436866.82,91.75,28/11/2024,Referral
CAMPAIGN00608,Chips,Snacks,55.56,177087,14787,2593,179075.39,3222.1,16/1/2025,Instagram Ads
CAMPAIGN00609,Coffee,Beverages,2290.29,117504,8903,1625,187261.82,80.76,6/2/2025,Instagram Ads
CAMPAIGN00610,Nuts,Snacks,1246.67,82532,4036,45,6396.3,4.13,6/12/2024,Instagram Ads
CAMPAIGN00611,Biscuits,Snacks,1356.54,401097,9701,472,50794.78,36.44,24/1/2025,Google Ads
CAMPAIGN00612,Detergent,Household,1677.37,444806,12324,1409,579385.46,344.41,22/1/2025,Instagram Ads
CAMPAIGN00613,Biscuits,Snacks,4861.37,10835,194,26,7257.87,0.49,6/1/2025,Referral
CAMPAIGN00614,Milk,Groceries,4444.89,90714,2493,367,53060.95,10.94,10/12/2024,Referral
CAMPAIGN00615,Toothpaste,Personal Care,2729.74,429366,4782,611,278539.72,101.04,22/12/2024,Referral
CAMPAIGN00616,Toothpaste,Personal Care,3791.95,370586,10997,1713,655681.63,171.91,8/1/2025,Email Campaign
CAMPAIGN00617,Protein Bar,Snacks,2793.62,381972,12054,207,58078.64,19.79,17/1/2025,Email Campaign
CAMPAIGN00618,Garbage Bags,Household,2400.71,160388,5127,620,154154.19,63.21,17/1/2025,Google Ads
CAMPAIGN00619,Chocolate,Snacks,2210.19,223478,9709,657,211163.81,94.54,16/11/2024,Instagram Ads
CAMPAIGN00620,Moisturizer,Personal Care,4748.29,343078,21850,1175,434045.7,90.41,13/1/2025,Email Campaign
CAMPAIGN00621,Tea,Beverages,648.66,436223,10176,1760,205584.73,315.94,23/1/2025,Instagram Ads
CAMPAIGN00622,Moisturizer,Personal Care,4225.55,476130,5910,858,84482.33,18.99,23/11/2024,Email Campaign
CAMPAIGN00623,Soap,Personal Care,2677.43,357770,28537,1886,721130.01,268.34,29/12/2024,Google Ads
CAMPAIGN00624,Protein Bar,Snacks,4182.61,46222,3140,284,84711.49,19.25,4/2/2025,Instagram Ads
CAMPAIGN00625,Protein Bar,Snacks,4539.98,198688,6159,416,111440.6,23.55,17/12/2024,Google Ads
CAMPAIGN00626,Energy Drink,Beverages,3591.64,205439,16771,221,87717.46,23.42,11/1/2025,Email Campaign
CAMPAIGN00627,Biscuits,Snacks,3368.45,218500,13546,2702,1254555.02,371.44,20/1/2025,Influencer Marketing
CAMPAIGN00628,Detergent,Household,1335.21,350717,16076,305,83297.87,61.39,6/12/2024,Google Ads
CAMPAIGN00629,Garbage Bags,Household,2447.6,191929,10771,21,6421.68,1.62,19/11/2024,Instagram Ads
CAMPAIGN00630,Juice,Beverages,1255.48,476046,3970,373,40154.87,30.98,5/2/2025,Google Ads
CAMPAIGN00631,Garbage Bags,Household,2349.55,274976,7187,470,196286.64,82.54,2/2/2025,Google Ads
CAMPAIGN00632,Milk,Groceries,4083.72,444687,13415,414,71724.41,16.56,16/1/2025,Google Ads
CAMPAIGN00633,Protein Bar,Snacks,1532.72,447957,26658,424,182768.87,118.24,19/1/2025,Instagram Ads
CAMPAIGN00634,Soap,Personal Care,3506.47,46285,2363,92,39906.23,10.38,18/12/2024,Referral
CAMPAIGN00635,Wheat Flour,Groceries,513.27,284443,5332,159,25332.66,48.36,24/1/2025,Google Ads
CAMPAIGN00636,Floor Cleaner,Household,3296.63,457790,4750,266,119357.79,35.21,25/12/2024,Email Campaign
CAMPAIGN00637,Garbage Bags,Household,4802.35,97716,4881,828,398536.42,81.99,8/1/2025,Google Ads
CAMPAIGN00638,Rice,Groceries,2371.21,76063,1460,291,64435.68,26.17,29/11/2024,Email Campaign
CAMPAIGN00639,Nuts,Snacks,3590.71,11158,972,185,17433.73,3.86,5/2/2025,Influencer Marketing
CAMPAIGN00640,Detergent,Household,2206.29,78154,716,22,10363.27,3.7,5/2/2025,Referral
CAMPAIGN00641,Wheat Flour,Groceries,2256.14,336497,24760,4846,1496927.65,662.49,18/1/2025,Referral
CAMPAIGN00642,Dishwasher Liquid,Household,544.59,343084,28665,3677,828997.33,1521.24,19/1/2025,Influencer Marketing
CAMPAIGN00643,Energy Drink,Beverages,3149.18,147269,608,50,20584.68,5.54,8/12/2024,Email Campaign
CAMPAIGN00644,Eggs,Groceries,2172.61,418053,40662,3562,1480746.24,680.55,6/2/2025,Influencer Marketing
CAMPAIGN00645,Coffee,Beverages,3226.65,197021,15201,2525,616960.65,190.21,11/12/2024,Influencer Marketing
CAMPAIGN00646,Rice,Groceries,413.24,307585,25817,354,158724.14,383.1,27/1/2025,Email Campaign
CAMPAIGN00647,Juice,Beverages,968.6,232138,18542,2152,520131.77,535.99,5/12/2024,Google Ads
CAMPAIGN00648,Protein Bar,Snacks,4883.5,250495,11578,2110,686752.17,139.63,20/12/2024,Influencer Marketing
CAMPAIGN00649,Moisturizer,Personal Care,3602.56,222960,12736,511,108863.81,29.22,15/11/2024,Google Ads
CAMPAIGN00650,Biscuits,Snacks,3548.1,308029,26191,1265,597132.17,167.3,8/1/2025,Google Ads
CAMPAIGN00651,Wheat Flour,Groceries,395.22,152829,11376,693,87375.12,220.08,24/1/2025,Google Ads
CAMPAIGN00652,Wheat Flour,Groceries,846.09,31508,2729,71,28788.28,33.03,9/12/2024,Instagram Ads
CAMPAIGN00653,Nuts,Snacks,1281.9,152605,9624,1639,460242.35,358.03,19/1/2025,Email Campaign
CAMPAIGN00654,Wheat Flour,Groceries,3956.78,46456,2236,36,8039.76,1.03,20/12/2024,Influencer Marketing
CAMPAIGN00655,Garbage Bags,Household,2142.52,352174,31535,1501,681389.1,317.03,3/2/2025,Google Ads
CAMPAIGN00656,Biscuits,Snacks,750.04,129856,2942,207,94166.14,124.55,15/1/2025,Google Ads
CAMPAIGN00657,Chocolate,Snacks,551.04,219625,21494,1392,389860.97,706.5,14/11/2024,Instagram Ads
CAMPAIGN00658,Cooking Oil,Groceries,2855.02,57180,1367,154,26535.48,8.29,8/1/2025,Referral
CAMPAIGN00659,Garbage Bags,Household,3988.35,498287,5152,29,12063.17,2.02,12/1/2025,Referral
CAMPAIGN00660,Cooking Oil,Groceries,2481.94,376060,34317,3244,213396.29,84.98,21/11/2024,Email Campaign
CAMPAIGN00661,Cold Drink,Beverages,4985.33,104411,7113,406,189225.27,36.96,10/12/2024,Referral
CAMPAIGN00662,Eggs,Groceries,1787.28,43121,2840,191,84694.07,46.39,15/1/2025,Referral
CAMPAIGN00663,Biscuits,Snacks,742.03,169294,10978,167,38365.39,50.7,16/12/2024,Google Ads
CAMPAIGN00664,Floor Cleaner,Household,96.95,422229,15046,2284,814410.28,8399.31,30/12/2024,Influencer Marketing
CAMPAIGN00665,Energy Drink,Beverages,4395.79,180908,648,33,5728.19,0.3,22/1/2025,Google Ads
CAMPAIGN00666,Cooking Oil,Groceries,4740.73,245735,1095,216,21281.07,3.49,23/11/2024,Google Ads
CAMPAIGN00667,Toothpaste,Personal Care,4761.8,484933,39352,2812,462343.34,96.09,30/1/2025,Referral
CAMPAIGN00668,Wheat Flour,Groceries,2985.01,107763,5040,45,18922.06,5.34,15/1/2025,Email Campaign
CAMPAIGN00669,Rice,Groceries,3413.83,420791,1764,311,125794.55,35.85,9/12/2024,Instagram Ads
CAMPAIGN00670,Air Freshener,Household,90.27,279883,14282,1073,224028.84,2480.76,10/1/2025,Instagram Ads
CAMPAIGN00671,Toothpaste,Personal Care,2200.64,15816,35,3,436.97,-0.8,9/1/2025,Email Campaign
CAMPAIGN00672,Chips,Snacks,1584.28,86174,4548,877,56451.53,34.63,23/11/2024,Influencer Marketing
CAMPAIGN00673,Floor Cleaner,Household,3883.37,215740,12981,876,92731.58,22.88,2/1/2025,Referral
CAMPAIGN00674,Moisturizer,Personal Care,1443.95,191211,2784,61,5903.86,3.09,30/12/2024,Influencer Marketing
CAMPAIGN00675,Chips,Snacks,2152.8,142871,5026,43,10735.92,3.99,4/1/2025,Influencer Marketing
CAMPAIGN00676,Floor Cleaner,Household,1686.18,87129,3479,647,92053.16,53.59,30/12/2024,Instagram Ads
CAMPAIGN00677,Protein Bar,Snacks,1143.39,362395,6943,792,391413.41,341.33,20/12/2024,Google Ads
CAMPAIGN00678,Juice,Beverages,1323.79,489641,2569,422,45200.8,33.14,8/12/2024,Influencer Marketing
CAMPAIGN00679,Energy Drink,Beverages,866.64,428285,23192,2115,858429.71,989.53,1/12/2024,Instagram Ads
CAMPAIGN00680,Protein Bar,Snacks,1401.6,255741,22747,2725,1108240.12,789.7,6/12/2024,Referral
CAMPAIGN00681,Floor Cleaner,Household,880.94,69085,4266,257,102240.1,115.06,27/11/2024,Referral
CAMPAIGN00682,Cooking Oil,Groceries,3258.62,133304,9994,1209,602993.79,184.05,18/11/2024,Google Ads
CAMPAIGN00683,Toothpaste,Personal Care,334.9,200996,12312,1518,581548.14,1735.48,5/12/2024,Google Ads
CAMPAIGN00684,Moisturizer,Personal Care,4379.16,133444,9366,1748,750226.95,170.32,20/1/2025,Influencer Marketing
CAMPAIGN00685,Energy Drink,Beverages,193.17,350164,22223,1511,405730.18,2099.38,25/12/2024,Google Ads
CAMPAIGN00686,Chips,Snacks,4210.57,492944,25857,473,65004.61,14.44,24/12/2024,Referral
CAMPAIGN00687,Protein Bar,Snacks,4854.65,157649,15383,711,144955.83,28.86,31/1/2025,Instagram Ads
CAMPAIGN00688,Coffee,Beverages,1808.94,276951,9312,422,49006.21,26.09,29/11/2024,Instagram Ads
CAMPAIGN00689,Rice,Groceries,2808.47,14040,52,1,305.32,-0.89,28/1/2025,Google Ads
CAMPAIGN00690,Protein Bar,Snacks,4101.81,167337,5029,450,143169.24,33.9,6/2/2025,Referral
CAMPAIGN00691,Chips,Snacks,4831.26,89744,1510,263,113381.12,22.47,26/1/2025,Google Ads
CAMPAIGN00692,Tea,Beverages,2009.78,228935,6550,1130,369984.98,183.09,9/2/2025,Google Ads
CAMPAIGN00693,Toothpaste,Personal Care,4104.02,247670,19554,1123,102749.56,24.04,21/12/2024,Referral
CAMPAIGN00694,Detergent,Household,3626.25,478054,19348,3416,540556.74,148.07,3/2/2025,Influencer Marketing
CAMPAIGN00695,Toothpaste,Personal Care,1060.48,179813,693,97,47533.57,43.82,24/1/2025,Instagram Ads
CAMPAIGN00696,Cold Drink,Beverages,4754.33,152589,5905,192,47762.5,9.05,13/11/2024,Email Campaign
CAMPAIGN00697,Coffee,Beverages,3943.89,427586,37400,7446,2916506.13,738.5,22/12/2024,Google Ads
CAMPAIGN00698,Juice,Beverages,116.94,449810,38349,3880,751418.14,6424.67,6/12/2024,Instagram Ads
CAMPAIGN00699,Coffee,Beverages,4757.31,44014,4036,229,44198.76,8.29,31/12/2024,Instagram Ads
CAMPAIGN00700,Tea,Beverages,4387.22,175946,15056,892,44769.62,9.2,25/1/2025,Email Campaign
CAMPAIGN00701,Chips,Snacks,1939.77,17770,1472,6,1092.63,-0.44,5/1/2025,Email Campaign
CAMPAIGN00702,Toothpaste,Personal Care,969.49,262063,4387,178,26336.49,26.17,5/12/2024,Google Ads
CAMPAIGN00703,Juice,Beverages,429.85,321259,22794,2095,225169.79,522.83,9/2/2025,Google Ads
CAMPAIGN00704,Coffee,Beverages,742.74,12893,442,33,15285.76,19.58,8/1/2025,Instagram Ads
CAMPAIGN00705,Eggs,Groceries,875.76,197541,6842,889,286852.56,326.55,8/12/2024,Instagram Ads
CAMPAIGN00706,Face Wash,Personal Care,4685.74,160954,427,23,9217.37,0.97,12/1/2025,Google Ads
CAMPAIGN00707,Juice,Beverages,1745.33,355308,20896,3530,1672058.54,957.02,16/11/2024,Instagram Ads
CAMPAIGN00708,Chocolate,Snacks,712.94,360757,24665,1167,164784.09,230.13,11/1/2025,Email Campaign
CAMPAIGN00709,Face Wash,Personal Care,3166.44,10242,1012,171,56838.48,16.95,25/12/2024,Referral
CAMPAIGN00710,Air Freshener,Household,1884.63,273034,26110,4542,651872.51,344.89,3/1/2025,Google Ads
CAMPAIGN00711,Shampoo,Personal Care,4640.69,406677,17824,2064,153489.88,32.07,28/11/2024,Email Campaign
CAMPAIGN00712,Milk,Groceries,1689.53,50979,3234,311,68820.28,39.73,16/1/2025,Referral
CAMPAIGN00713,Dishwasher Liquid,Household,2204.09,381778,23852,580,248110.59,111.57,8/2/2025,Referral
CAMPAIGN00714,Dishwasher Liquid,Household,1970.23,494607,41675,5597,1190400.92,603.19,21/1/2025,Influencer Marketing
CAMPAIGN00715,Wheat Flour,Groceries,3820.79,156919,126,15,4379.16,0.15,5/1/2025,Referral
CAMPAIGN00716,Energy Drink,Beverages,2597.12,436791,8168,718,108930.23,40.94,13/12/2024,Influencer Marketing
CAMPAIGN00717,Biscuits,Snacks,1677.15,133438,12219,2401,1187615.37,707.12,2/12/2024,Influencer Marketing
CAMPAIGN00718,Toothpaste,Personal Care,422.34,401478,4066,277,34610.61,80.95,18/11/2024,Referral
CAMPAIGN00719,Juice,Beverages,1168.52,343936,12315,358,23216.62,18.87,20/11/2024,Instagram Ads
CAMPAIGN00720,Moisturizer,Personal Care,1751.72,94418,5613,707,145392.59,82,18/12/2024,Google Ads
CAMPAIGN00721,Tea,Beverages,4547.71,463071,46277,50,4902.85,0.08,22/1/2025,Instagram Ads
CAMPAIGN00722,Cold Drink,Beverages,2781.85,394773,5516,153,30102.93,9.82,27/1/2025,Instagram Ads
CAMPAIGN00723,Garbage Bags,Household,2692.27,139027,7962,590,235734.92,86.56,3/12/2024,Google Ads
CAMPAIGN00724,Toothpaste,Personal Care,2337.53,393609,31595,3126,333878.96,141.83,5/12/2024,Instagram Ads
CAMPAIGN00725,Tea,Beverages,4310.22,117601,10874,1815,569553.77,131.14,25/1/2025,Instagram Ads
CAMPAIGN00726,Soap,Personal Care,1317.66,278319,23495,401,128841.16,96.78,5/12/2024,Influencer Marketing
CAMPAIGN00727,Eggs,Groceries,765.9,438337,26650,3581,1231743.48,1607.23,10/1/2025,Referral
CAMPAIGN00728,Coffee,Beverages,1118.61,326146,4203,216,19317.76,16.27,11/1/2025,Email Campaign
CAMPAIGN00729,Rice,Groceries,647.26,300200,774,51,6785.02,9.48,13/11/2024,Email Campaign
CAMPAIGN00730,Tea,Beverages,1498.13,405471,4824,703,82874.63,54.32,4/12/2024,Google Ads
CAMPAIGN00731,Cooking Oil,Groceries,3706.01,288166,24272,3454,1120190.55,301.26,21/1/2025,Google Ads
CAMPAIGN00732,Toothpaste,Personal Care,2145,72236,1348,195,84523.75,38.41,8/1/2025,Referral
CAMPAIGN00733,Toothpaste,Personal Care,2535.69,33205,1299,94,27320.37,9.77,15/12/2024,Google Ads
CAMPAIGN00734,Shampoo,Personal Care,3054.2,325221,6415,969,384727.25,124.97,20/1/2025,Influencer Marketing
CAMPAIGN00735,Protein Bar,Snacks,2310.8,303136,26208,1689,539591.19,232.51,23/12/2024,Influencer Marketing
CAMPAIGN00736,Rice,Groceries,1645.23,380228,27892,4435,2000403.22,1214.88,6/1/2025,Influencer Marketing
CAMPAIGN00737,Detergent,Household,819.34,240575,3743,659,79839.17,96.44,2/2/2025,Instagram Ads
CAMPAIGN00738,Wheat Flour,Groceries,1413.09,73605,6988,1216,417328.37,294.33,23/12/2024,Instagram Ads
CAMPAIGN00739,Biscuits,Snacks,1976.94,403022,35504,2634,1095262.72,553.02,22/11/2024,Instagram Ads
CAMPAIGN00740,Air Freshener,Household,509.39,474094,32959,1581,311195.84,609.92,29/12/2024,Influencer Marketing
CAMPAIGN00741,Milk,Groceries,1044.89,360378,31645,564,235555.09,224.44,5/1/2025,Instagram Ads
CAMPAIGN00742,Coffee,Beverages,2167.2,117648,6460,1066,351778.34,161.32,5/12/2024,Referral
CAMPAIGN00743,Shampoo,Personal Care,140.97,356237,2339,214,22602.18,159.33,23/11/2024,Influencer Marketing
CAMPAIGN00744,Detergent,Household,3746.74,285318,18930,1386,243337.89,63.95,15/1/2025,Influencer Marketing
CAMPAIGN00745,Nuts,Snacks,1947.97,112729,4674,674,94089.06,47.3,3/1/2025,Google Ads
CAMPAIGN00746,Chocolate,Snacks,4535.12,270809,18673,130,60217.88,12.28,5/12/2024,Referral
CAMPAIGN00747,Cold Drink,Beverages,1573.3,217630,12301,2121,200707.91,126.57,16/12/2024,Influencer Marketing
CAMPAIGN00748,Face Wash,Personal Care,434.54,218379,3854,17,6662.39,14.33,2/2/2025,Influencer Marketing
CAMPAIGN00749,Dishwasher Liquid,Household,1435.29,187995,15271,594,247092.73,171.16,21/12/2024,Google Ads
CAMPAIGN00750,Garbage Bags,Household,193.22,218019,9966,740,184082,951.71,19/1/2025,Instagram Ads
CAMPAIGN00751,Garbage Bags,Household,2274.15,82877,6826,19,7433.96,2.27,14/11/2024,Referral
CAMPAIGN00752,Chocolate,Snacks,2613.38,30084,1670,128,35290.37,12.5,17/12/2024,Instagram Ads
CAMPAIGN00753,Chips,Snacks,3086.08,170436,14905,92,31209.95,9.11,1/2/2025,Influencer Marketing
CAMPAIGN00754,Juice,Beverages,3490.62,293950,20968,1553,611031.24,174.05,3/12/2024,Instagram Ads
CAMPAIGN00755,Cold Drink,Beverages,3849.51,395268,15345,381,172548.56,43.82,22/11/2024,Referral
CAMPAIGN00756,Floor Cleaner,Household,3981.67,5442,93,16,3022.34,-0.24,21/1/2025,Email Campaign
CAMPAIGN00757,Protein Bar,Snacks,2892.52,446350,37874,754,296409.47,101.47,25/12/2024,Referral
CAMPAIGN00758,Toothpaste,Personal Care,2304.45,378406,19597,3137,1033546.1,447.5,25/11/2024,Email Campaign
CAMPAIGN00759,Cold Drink,Beverages,3864.19,273491,11357,1479,649877.75,167.18,17/11/2024,Instagram Ads
CAMPAIGN00760,Face Wash,Personal Care,1244.24,169675,13989,406,100939.39,80.13,20/11/2024,Instagram Ads
CAMPAIGN00761,Nuts,Snacks,4915.52,71746,5080,365,31959.69,5.5,9/2/2025,Google Ads
CAMPAIGN00762,Cold Drink,Beverages,4651.12,309848,25952,698,316468.63,67.04,21/12/2024,Influencer Marketing
CAMPAIGN00763,Soap,Personal Care,1104.45,171095,2900,167,38766.3,34.1,23/11/2024,Google Ads
CAMPAIGN00764,Nuts,Snacks,1973.61,233058,19811,406,169957.01,85.11,14/11/2024,Referral
CAMPAIGN00765,Moisturizer,Personal Care,2216.47,92043,2826,385,63568.7,27.68,12/11/2024,Influencer Marketing
CAMPAIGN00766,Garbage Bags,Household,3075,380178,36681,6409,1637043.39,531.37,9/12/2024,Email Campaign
CAMPAIGN00767,Garbage Bags,Household,1981.26,345994,3148,523,132304.81,65.78,19/1/2025,Influencer Marketing
CAMPAIGN00768,Chocolate,Snacks,3039.17,113977,6822,1119,156507.67,50.5,26/11/2024,Instagram Ads
CAMPAIGN00769,Nuts,Snacks,567.61,471199,15579,2638,613007.19,1078.98,14/1/2025,Email Campaign
CAMPAIGN00770,Cooking Oil,Groceries,1973.27,9103,159,2,853.45,-0.57,29/12/2024,Influencer Marketing
CAMPAIGN00771,Milk,Groceries,4332.76,224379,14327,1425,194257.37,43.83,11/12/2024,Referral
CAMPAIGN00772,Nuts,Snacks,2942.29,118095,7925,1177,524347.46,177.21,13/12/2024,Google Ads
CAMPAIGN00773,Face Wash,Personal Care,818.27,93419,3097,280,117076.4,142.08,14/1/2025,Referral
CAMPAIGN00774,Chips,Snacks,2073.86,35236,1472,91,11260.23,4.43,22/1/2025,Instagram Ads
CAMPAIGN00775,Floor Cleaner,Household,1561.59,315105,12875,938,50920.76,31.61,21/1/2025,Email Campaign
CAMPAIGN00776,Detergent,Household,1539.21,360610,17878,2870,193097.08,124.45,5/1/2025,Influencer Marketing
CAMPAIGN00777,Protein Bar,Snacks,1922.92,90591,972,96,8723.24,3.54,31/12/2024,Email Campaign
CAMPAIGN00778,Air Freshener,Household,1263.59,33559,1426,192,68743.41,53.4,24/11/2024,Google Ads
CAMPAIGN00779,Juice,Beverages,350.31,133542,3940,602,246205.18,701.82,6/12/2024,Instagram Ads
CAMPAIGN00780,Dishwasher Liquid,Household,1185,473065,11743,423,80711.31,67.11,25/11/2024,Instagram Ads
CAMPAIGN00781,Cooking Oil,Groceries,4450.95,71283,3609,626,174646.95,38.24,21/1/2025,Referral
CAMPAIGN00782,Cold Drink,Beverages,3870.27,79749,6162,901,164779.08,41.58,1/12/2024,Referral
CAMPAIGN00783,Dishwasher Liquid,Household,695.13,15418,1481,121,9937.99,13.3,12/11/2024,Google Ads
CAMPAIGN00784,Tea,Beverages,2096.94,234692,23260,442,94749.18,44.18,9/1/2025,Email Campaign
CAMPAIGN00785,Juice,Beverages,565.67,331018,22628,1407,408801.96,721.69,22/1/2025,Influencer Marketing
CAMPAIGN00786,Tea,Beverages,660.51,224462,16767,12,1125.3,0.7,25/1/2025,Email Campaign
CAMPAIGN00787,Moisturizer,Personal Care,1581.01,322635,9786,1259,257671.71,161.98,13/12/2024,Influencer Marketing
CAMPAIGN00788,Tea,Beverages,447.19,415816,18102,2089,252798.42,564.3,14/12/2024,Instagram Ads
CAMPAIGN00789,Air Freshener,Household,1593.59,326487,17542,1388,384844.03,240.5,25/12/2024,Google Ads
CAMPAIGN00790,Toothpaste,Personal Care,1776.12,240557,15597,95,39551.71,21.27,16/1/2025,Email Campaign
CAMPAIGN00791,Biscuits,Snacks,136.41,388956,9843,225,11998.83,86.96,10/12/2024,Google Ads
CAMPAIGN00792,Coffee,Beverages,981.59,319624,16817,2429,1138361.75,1158.71,14/11/2024,Referral
CAMPAIGN00793,Juice,Beverages,1520.84,328969,23703,2311,831309.24,545.61,9/12/2024,Google Ads
CAMPAIGN00794,Toothpaste,Personal Care,4070.21,13361,663,80,35799.92,7.8,3/2/2025,Email Campaign
CAMPAIGN00795,Juice,Beverages,1215.8,77336,7411,118,12195.76,9.03,30/1/2025,Instagram Ads
CAMPAIGN00796,Protein Bar,Snacks,4196.41,244749,23208,4213,848526.76,201.2,12/11/2024,Influencer Marketing
CAMPAIGN00797,Chocolate,Snacks,4614.7,103205,2640,359,113983.07,23.7,3/12/2024,Instagram Ads
CAMPAIGN00798,Juice,Beverages,1043.9,316513,1716,2,760.98,-0.27,25/11/2024,Influencer Marketing
CAMPAIGN00799,Face Wash,Personal Care,935.27,320954,29377,1530,595418.38,635.63,15/11/2024,Email Campaign
CAMPAIGN00800,Tea,Beverages,320.63,170162,7832,683,73554.19,228.41,13/12/2024,Email Campaign
CAMPAIGN00801,Face Wash,Personal Care,3995.91,374937,23557,916,278335.31,68.66,6/1/2025,Influencer Marketing
CAMPAIGN00802,Face Wash,Personal Care,3198.28,137846,2110,306,100280.34,30.35,2/1/2025,Influencer Marketing
CAMPAIGN00803,Coffee,Beverages,3275.57,456084,9634,1205,322346.95,97.41,20/12/2024,Influencer Marketing
CAMPAIGN00804,Coffee,Beverages,982.77,460313,5267,769,286452.58,290.47,10/1/2025,Influencer Marketing
CAMPAIGN00805,Cooking Oil,Groceries,4543.42,96856,4733,422,170518.67,36.53,8/1/2025,Google Ads
CAMPAIGN00806,Chocolate,Snacks,193.68,65855,3056,608,273539.33,1411.33,24/1/2025,Referral
CAMPAIGN00807,Biscuits,Snacks,3762.23,121543,10799,2000,970499.66,256.96,5/1/2025,Referral
CAMPAIGN00808,Shampoo,Personal Care,2251.48,71983,5949,163,30662.82,12.62,26/1/2025,Email Campaign
CAMPAIGN00809,Energy Drink,Beverages,992.1,180182,16420,2441,1137477.46,1145.54,15/11/2024,Influencer Marketing
CAMPAIGN00810,Shampoo,Personal Care,2093.21,438346,37562,5254,2083161.16,994.2,8/1/2025,Email Campaign
CAMPAIGN00811,Dishwasher Liquid,Household,4154.61,348360,12959,283,102515.81,23.68,28/1/2025,Email Campaign
CAMPAIGN00812,Chips,Snacks,219.88,171113,16053,2566,582250.33,2647.04,19/12/2024,Referral
CAMPAIGN00813,Garbage Bags,Household,255.02,164467,8327,1611,156323.1,611.98,14/1/2025,Referral
CAMPAIGN00814,Detergent,Household,332.79,110762,2009,338,133682.93,400.7,2/12/2024,Email Campaign
CAMPAIGN00815,Juice,Beverages,3612.73,60601,4473,783,94326.57,25.11,6/1/2025,Referral
CAMPAIGN00816,Tea,Beverages,3189.96,321806,11128,10,3257.43,0.02,4/2/2025,Email Campaign
CAMPAIGN00817,Moisturizer,Personal Care,457.37,150071,570,41,15942.87,33.86,9/2/2025,Referral
CAMPAIGN00818,Chips,Snacks,3706.71,450478,45027,651,148657.06,39.1,22/11/2024,Instagram Ads
CAMPAIGN00819,Energy Drink,Beverages,860.25,150357,12835,530,112568.36,129.86,16/11/2024,Instagram Ads
CAMPAIGN00820,Chocolate,Snacks,3554.44,395319,20045,4000,302702.41,84.16,30/11/2024,Instagram Ads
CAMPAIGN00821,Wheat Flour,Groceries,1058.09,227276,8933,48,13720.18,11.97,8/2/2025,Influencer Marketing
CAMPAIGN00822,Juice,Beverages,2791.16,187106,970,189,80583.06,27.87,17/12/2024,Email Campaign
CAMPAIGN00823,Moisturizer,Personal Care,893.36,419766,1822,343,119583.92,132.86,15/1/2025,Instagram Ads
CAMPAIGN00824,Detergent,Household,1160.48,283527,7296,195,58527.19,49.43,7/1/2025,Instagram Ads
CAMPAIGN00825,Energy Drink,Beverages,4385.88,134810,3142,481,220837.88,49.35,24/1/2025,Referral
CAMPAIGN00826,Cooking Oil,Groceries,4976.84,450636,17028,137,60719.15,11.2,31/1/2025,Google Ads
CAMPAIGN00827,Detergent,Household,2480.98,421724,19562,3323,814059.58,327.12,4/1/2025,Referral
CAMPAIGN00828,Biscuits,Snacks,1770.25,137142,11719,992,379961.39,213.64,25/12/2024,Referral
CAMPAIGN00829,Shampoo,Personal Care,4633.16,439190,34483,112,13188.33,1.85,11/12/2024,Instagram Ads
CAMPAIGN00830,Floor Cleaner,Household,1787.47,98483,2003,294,59701.5,32.4,19/11/2024,Google Ads
CAMPAIGN00831,Protein Bar,Snacks,2539.16,489964,30159,1287,590456.96,231.54,16/11/2024,Email Campaign
CAMPAIGN00832,Milk,Groceries,59.15,39443,3664,376,109119.3,1843.79,16/11/2024,Influencer Marketing
CAMPAIGN00833,Chips,Snacks,196.59,42151,4067,729,338708.4,1721.92,22/11/2024,Google Ads
CAMPAIGN00834,Protein Bar,Snacks,181.06,35461,3205,217,26710.97,146.53,17/1/2025,Referral
CAMPAIGN00835,Energy Drink,Beverages,2415.81,188698,5553,846,217125.84,88.88,20/1/2025,Influencer Marketing
CAMPAIGN00836,Soap,Personal Care,4985.74,9133,203,20,5595.04,0.12,13/12/2024,Google Ads
CAMPAIGN00837,Dishwasher Liquid,Household,4726.76,95655,5948,851,146923.02,30.08,13/11/2024,Influencer Marketing
CAMPAIGN00838,Cold Drink,Beverages,3527.81,474612,13725,2429,869761.53,245.54,8/1/2025,Instagram Ads
CAMPAIGN00839,Chips,Snacks,3482.84,51978,2122,352,36788.23,9.56,14/1/2025,Referral
CAMPAIGN00840,Detergent,Household,4244.19,369612,13223,1406,541216.36,126.52,31/1/2025,Email Campaign
CAMPAIGN00841,Garbage Bags,Household,900.28,410147,38595,4727,2278069.77,2529.4,11/12/2024,Referral
CAMPAIGN00842,Detergent,Household,1405.51,20688,1207,156,26626.12,17.94,19/11/2024,Referral
CAMPAIGN00843,Cold Drink,Beverages,3259.75,457293,39644,7107,3464970.88,1061.96,2/12/2024,Referral
CAMPAIGN00844,Dishwasher Liquid,Household,2873.83,75467,6350,761,343382.19,118.49,28/12/2024,Email Campaign
CAMPAIGN00845,Shampoo,Personal Care,3093.67,476223,39984,1062,312204.67,99.92,3/12/2024,Instagram Ads
CAMPAIGN00846,Coffee,Beverages,267.9,131288,6080,1075,332666.23,1240.76,19/1/2025,Instagram Ads
CAMPAIGN00847,Milk,Groceries,1901.3,155888,1211,51,7776.52,3.09,17/11/2024,Email Campaign
CAMPAIGN00848,Moisturizer,Personal Care,3337,452609,30983,2421,1129521.37,337.48,24/1/2025,Influencer Marketing
CAMPAIGN00849,Chips,Snacks,3017.78,78984,1261,85,23950.03,6.94,15/12/2024,Instagram Ads
CAMPAIGN00850,Dishwasher Liquid,Household,139.1,297070,12939,373,148290.44,1065.07,23/1/2025,Influencer Marketing
CAMPAIGN00851,Nuts,Snacks,4890.53,259117,4215,461,180313.13,35.87,20/12/2024,Email Campaign
CAMPAIGN00852,Toothpaste,Personal Care,4243.51,141427,11116,481,93994.69,21.15,5/12/2024,Referral
CAMPAIGN00853,Juice,Beverages,1648.95,298546,26811,3934,1910394.26,1157.55,14/12/2024,Influencer Marketing
CAMPAIGN00854,Cold Drink,Beverages,1024.39,228745,16845,60,15848.05,14.47,21/11/2024,Email Campaign
CAMPAIGN00855,Moisturizer,Personal Care,992.02,9177,502,5,2233.73,1.25,8/1/2025,Referral
CAMPAIGN00856,Moisturizer,Personal Care,4796.87,308056,23180,3055,229571.44,46.86,5/12/2024,Referral
CAMPAIGN00857,Cooking Oil,Groceries,3915.14,203778,12782,88,18713.47,3.78,17/11/2024,Influencer Marketing
CAMPAIGN00858,Air Freshener,Household,1851.24,265397,13540,2600,1240374.11,669.02,20/11/2024,Email Campaign
CAMPAIGN00859,Toothpaste,Personal Care,1703.1,37626,979,49,4046.09,1.38,23/12/2024,Influencer Marketing
CAMPAIGN00860,Tea,Beverages,759.5,431340,3604,226,52899.93,68.65,20/1/2025,Email Campaign
CAMPAIGN00861,Detergent,Household,2634.31,319883,26567,3780,925261.6,350.23,22/1/2025,Email Campaign
CAMPAIGN00862,Rice,Groceries,3107.45,324808,16617,958,162628.31,51.33,14/12/2024,Influencer Marketing
CAMPAIGN00863,Shampoo,Personal Care,4155.37,342620,33618,5849,824632.96,197.45,14/1/2025,Influencer Marketing
CAMPAIGN00864,Rice,Groceries,601.38,129590,3271,454,45753.62,75.08,14/1/2025,Referral
CAMPAIGN00865,Nuts,Snacks,1843.73,201641,14853,2792,930128.01,503.48,17/11/2024,Influencer Marketing
CAMPAIGN00866,Detergent,Household,3026.36,357893,35723,405,23962.85,6.92,30/12/2024,Influencer Marketing
CAMPAIGN00867,Air Freshener,Household,388.21,414521,27665,3963,801632.7,2063.95,14/12/2024,Instagram Ads
CAMPAIGN00868,Toothpaste,Personal Care,418.75,427067,17501,2365,1034627.34,2469.75,4/1/2025,Instagram Ads
CAMPAIGN00869,Energy Drink,Beverages,762.28,363200,11086,2186,207394,271.07,19/11/2024,Referral
CAMPAIGN00870,Tea,Beverages,422.56,233144,21439,1795,777240.25,1838.36,1/2/2025,Influencer Marketing
CAMPAIGN00871,Shampoo,Personal Care,3982.08,16619,53,7,887.01,-0.78,2/12/2024,Google Ads
CAMPAIGN00872,Air Freshener,Household,2082.31,394671,30654,2183,269387.79,128.37,16/1/2025,Google Ads
CAMPAIGN00873,Milk,Groceries,2252.97,96809,221,3,1161.65,-0.48,22/11/2024,Google Ads
CAMPAIGN00874,Coffee,Beverages,4739.52,455246,30864,5254,411544.46,85.83,7/2/2025,Email Campaign
CAMPAIGN00875,Rice,Groceries,1137.08,246888,22688,600,53974.31,46.47,13/1/2025,Email Campaign
CAMPAIGN00876,Rice,Groceries,2611.51,451469,3732,102,19106.81,6.32,26/11/2024,Instagram Ads
CAMPAIGN00877,Cooking Oil,Groceries,763.45,300497,19274,2754,261705.99,341.79,9/1/2025,Influencer Marketing
CAMPAIGN00878,Dishwasher Liquid,Household,2153.51,207948,5883,786,240410.93,110.64,26/1/2025,Referral
CAMPAIGN00879,Shampoo,Personal Care,2735.54,235024,12352,1064,488382.02,177.53,21/1/2025,Influencer Marketing
CAMPAIGN00880,Biscuits,Snacks,4069.59,230277,6353,1169,87873.8,20.59,6/1/2025,Referral
CAMPAIGN00881,Dishwasher Liquid,Household,3843.17,284424,4888,217,84267.16,20.93,1/2/2025,Influencer Marketing
CAMPAIGN00882,Detergent,Household,2796.83,130835,11165,1907,583767.86,207.72,18/11/2024,Email Campaign
CAMPAIGN00883,Coffee,Beverages,1074.66,143229,5542,547,250918.94,232.49,29/11/2024,Influencer Marketing
CAMPAIGN00884,Soap,Personal Care,656.61,181765,11063,1254,171328.97,259.93,26/12/2024,Google Ads
CAMPAIGN00885,Cold Drink,Beverages,2780.87,56565,3589,270,90103.44,31.4,9/1/2025,Email Campaign
CAMPAIGN00886,Soap,Personal Care,1750.06,177992,13885,114,44089.82,24.19,3/2/2025,Instagram Ads
CAMPAIGN00887,Coffee,Beverages,4693.38,229540,4338,317,40939.76,7.72,24/11/2024,Google Ads
CAMPAIGN00888,Garbage Bags,Household,660.39,424246,6891,22,3984.59,5.03,4/1/2025,Email Campaign
CAMPAIGN00889,Floor Cleaner,Household,3632.24,259480,5709,43,19883.18,4.47,30/11/2024,Instagram Ads
CAMPAIGN00890,Eggs,Groceries,341.78,353997,13891,466,44133.02,128.13,26/12/2024,Instagram Ads
CAMPAIGN00891,Protein Bar,Snacks,3143.62,184835,12744,252,25415.26,7.08,9/12/2024,Email Campaign
CAMPAIGN00892,Tea,Beverages,501.83,229164,4066,501,225329.29,448.02,13/12/2024,Email Campaign
CAMPAIGN00893,Biscuits,Snacks,264.29,105920,8926,1167,442154.59,1671.99,29/12/2024,Email Campaign
CAMPAIGN00894,Wheat Flour,Groceries,3840.86,135292,738,75,9743.51,1.54,22/11/2024,Referral
CAMPAIGN00895,Rice,Groceries,4265.7,166040,613,46,22587.79,4.3,4/12/2024,Instagram Ads
CAMPAIGN00896,Biscuits,Snacks,324.79,47754,3250,456,134670.25,413.64,3/2/2025,Influencer Marketing
CAMPAIGN00897,Eggs,Groceries,288.18,427257,1993,16,5160.21,16.91,17/11/2024,Google Ads
CAMPAIGN00898,Biscuits,Snacks,2106.02,288830,21427,1334,293731.69,138.47,11/12/2024,Email Campaign
CAMPAIGN00899,Wheat Flour,Groceries,4660.88,87326,3161,331,87652.27,17.81,21/11/2024,Instagram Ads
CAMPAIGN00900,Moisturizer,Personal Care,517.05,284451,10569,63,18182.8,34.17,3/2/2025,Referral
CAMPAIGN00901,Detergent,Household,4934.38,228116,4035,478,91966.07,17.64,9/2/2025,Google Ads
CAMPAIGN00902,Energy Drink,Beverages,4706.26,428231,19904,1438,380676.9,79.89,1/2/2025,Email Campaign
CAMPAIGN00903,Chocolate,Snacks,2547.96,348842,7253,508,111403.67,42.72,21/1/2025,Google Ads
CAMPAIGN00904,Moisturizer,Personal Care,1888.78,163631,6509,749,273465.63,143.78,4/12/2024,Referral
CAMPAIGN00905,Floor Cleaner,Household,1955.06,488130,3219,556,235595.13,119.51,6/12/2024,Referral
CAMPAIGN00906,Detergent,Household,3208.2,352776,3705,52,6928.36,1.16,14/1/2025,Email Campaign
CAMPAIGN00907,Chocolate,Snacks,4187.37,188638,3562,202,76863.98,17.36,17/11/2024,Google Ads
CAMPAIGN00908,Shampoo,Personal Care,1621.25,275237,6574,791,369254.87,226.76,3/12/2024,Influencer Marketing
CAMPAIGN00909,Eggs,Groceries,1723.26,323191,26020,1604,633888.77,366.84,29/12/2024,Instagram Ads
CAMPAIGN00910,Dishwasher Liquid,Household,4562.63,148216,4664,166,21582.58,3.73,8/12/2024,Google Ads
CAMPAIGN00911,Shampoo,Personal Care,2241.68,321587,6395,202,54616.87,23.36,6/12/2024,Email Campaign
CAMPAIGN00912,Shampoo,Personal Care,80.1,313937,18115,2353,564131.89,7041.85,9/1/2025,Referral
CAMPAIGN00913,Chips,Snacks,523.22,427038,20072,519,59552.17,112.82,25/1/2025,Referral
CAMPAIGN00914,Air Freshener,Household,4301.52,452109,38900,2904,326259.34,74.85,20/12/2024,Influencer Marketing
CAMPAIGN00915,Air Freshener,Household,1491.75,486719,45403,7002,3013321.27,2018.99,27/11/2024,Google Ads
CAMPAIGN00916,Nuts,Snacks,4621.92,42745,3385,617,74075.62,15.03,13/11/2024,Instagram Ads
CAMPAIGN00917,Biscuits,Snacks,106.62,94708,9299,1823,183608.66,1721.08,8/1/2025,Email Campaign
CAMPAIGN00918,Biscuits,Snacks,3911.57,371049,16801,478,232806.4,58.52,24/11/2024,Influencer Marketing
CAMPAIGN00919,Rice,Groceries,804.51,362412,18454,515,231183.34,286.36,6/2/2025,Referral
CAMPAIGN00920,Biscuits,Snacks,1576.87,354546,20576,1927,708208.54,448.12,8/12/2024,Referral
CAMPAIGN00921,Detergent,Household,1747.12,265350,21171,2071,919359.26,525.21,9/1/2025,Referral
CAMPAIGN00922,Coffee,Beverages,275.94,114585,8755,515,27169.61,97.46,5/1/2025,Instagram Ads
CAMPAIGN00923,Chocolate,Snacks,4629.87,199175,3612,106,20384.86,3.4,23/11/2024,Instagram Ads
CAMPAIGN00924,Detergent,Household,2369.76,213449,795,9,4421.56,0.87,7/1/2025,Email Campaign
CAMPAIGN00925,Energy Drink,Beverages,3260.9,135839,2599,202,77766.77,22.85,7/2/2025,Referral
CAMPAIGN00926,Cooking Oil,Groceries,177.07,325877,30849,1052,226466.34,1277.97,26/1/2025,Google Ads
CAMPAIGN00927,Milk,Groceries,2830.19,398066,36384,6047,1985503.63,700.54,13/12/2024,Email Campaign
CAMPAIGN00928,Moisturizer,Personal Care,4950.71,254849,16262,1979,799324.62,160.46,23/12/2024,Email Campaign
CAMPAIGN00929,Face Wash,Personal Care,940.61,33284,2114,321,137121.93,144.78,24/1/2025,Instagram Ads
CAMPAIGN00930,Toothpaste,Personal Care,1187.7,407962,30967,812,236650.32,198.25,23/1/2025,Referral
CAMPAIGN00931,Shampoo,Personal Care,3680.48,485192,20551,3130,521400.46,140.67,20/12/2024,Influencer Marketing
CAMPAIGN00932,Energy Drink,Beverages,968.49,19067,1025,117,42316.63,42.69,29/12/2024,Instagram Ads
CAMPAIGN00933,Energy Drink,Beverages,4987.36,239471,22907,2282,746314.24,148.64,11/12/2024,Influencer Marketing
CAMPAIGN00934,Juice,Beverages,345.33,46785,2875,435,116728.99,337.02,9/2/2025,Referral
CAMPAIGN00935,Milk,Groceries,199.9,73776,3703,518,150645.5,752.6,27/11/2024,Referral
CAMPAIGN00936,Wheat Flour,Groceries,136.66,289951,24561,2297,434637,3179.43,22/11/2024,Instagram Ads
CAMPAIGN00937,Cooking Oil,Groceries,2749.57,352755,16684,410,136341.02,48.59,17/11/2024,Email Campaign
CAMPAIGN00938,Milk,Groceries,2846.82,454932,17417,339,124091.2,42.59,23/11/2024,Influencer Marketing
CAMPAIGN00939,Shampoo,Personal Care,2523.09,156703,5873,960,406031.08,159.93,10/1/2025,Referral
CAMPAIGN00940,Toothpaste,Personal Care,1385.83,91256,2730,478,92654.04,65.86,23/12/2024,Instagram Ads
CAMPAIGN00941,Rice,Groceries,4609.28,334819,5243,503,160590.49,33.84,8/1/2025,Referral
CAMPAIGN00942,Biscuits,Snacks,3882.03,94430,6296,1183,537686.51,137.51,27/1/2025,Instagram Ads
CAMPAIGN00943,Biscuits,Snacks,2153.27,20126,644,104,22507.5,9.45,8/1/2025,Google Ads
CAMPAIGN00944,Cold Drink,Beverages,3800.8,195008,2409,351,149805.77,38.41,21/12/2024,Influencer Marketing
CAMPAIGN00945,Rice,Groceries,1012.27,54490,1316,187,62096.86,60.34,22/12/2024,Referral
CAMPAIGN00946,Nuts,Snacks,2196.76,25054,2250,177,33239.01,14.13,4/1/2025,Instagram Ads
CAMPAIGN00947,Nuts,Snacks,2978.14,288326,14651,576,190239.55,62.88,12/12/2024,Google Ads
CAMPAIGN00948,Tea,Beverages,485.82,387195,28774,5016,1952672.34,4018.33,3/12/2024,Influencer Marketing
CAMPAIGN00949,Milk,Groceries,3061.72,199000,2657,408,58562.71,18.13,9/2/2025,Influencer Marketing
CAMPAIGN00950,Floor Cleaner,Household,2214.54,395049,8396,1531,682809.7,307.33,4/12/2024,Google Ads
CAMPAIGN00951,Milk,Groceries,1200.27,27768,2502,403,123445.9,101.85,18/1/2025,Referral
CAMPAIGN00952,Nuts,Snacks,340.43,80514,7297,457,46619.51,135.94,26/12/2024,Influencer Marketing
CAMPAIGN00953,Face Wash,Personal Care,273.64,452307,41382,6365,683269.71,2495.97,6/12/2024,Influencer Marketing
CAMPAIGN00954,Wheat Flour,Groceries,817.48,232161,3402,253,80519.86,97.5,30/12/2024,Instagram Ads
CAMPAIGN00955,Chocolate,Snacks,576.2,158099,10855,965,211465.72,366,4/1/2025,Referral
CAMPAIGN00956,Chips,Snacks,2606.58,153168,9992,327,97215.47,36.3,14/12/2024,Google Ads
CAMPAIGN00957,Cooking Oil,Groceries,4348.94,174297,4607,71,22228.38,4.11,9/2/2025,Referral
CAMPAIGN00958,Protein Bar,Snacks,3441.45,471420,31401,5040,535683.52,154.66,7/2/2025,Google Ads
CAMPAIGN00959,Floor Cleaner,Household,3275.92,436631,40246,2627,416448.81,126.12,5/1/2025,Influencer Marketing
CAMPAIGN00960,Floor Cleaner,Household,1754.59,159715,14622,1189,108426.44,60.8,25/1/2025,Google Ads
CAMPAIGN00961,Shampoo,Personal Care,3000.29,287590,9095,1526,733675.21,243.53,21/12/2024,Influencer Marketing
CAMPAIGN00962,Toothpaste,Personal Care,2779.6,245725,12600,1159,257606.05,91.68,31/12/2024,Influencer Marketing
CAMPAIGN00963,Milk,Groceries,1699.77,499779,400,15,4195.49,1.47,1/2/2025,Referral
CAMPAIGN00964,Air Freshener,Household,431.77,59949,2272,440,50016.15,114.84,7/2/2025,Referral
CAMPAIGN00965,Cooking Oil,Groceries,4034.59,241899,9021,77,7268.98,0.8,17/1/2025,Email Campaign
CAMPAIGN00966,Garbage Bags,Household,721.08,434189,16654,3273,432542.67,598.85,15/1/2025,Instagram Ads
CAMPAIGN00967,Chocolate,Snacks,1739.71,113879,8584,31,3448.94,0.98,19/1/2025,Referral
CAMPAIGN00968,Chips,Snacks,2865.7,342443,18124,1244,325758.2,112.67,13/11/2024,Referral
CAMPAIGN00969,Milk,Groceries,3782.87,173935,49,6,2270.93,-0.4,26/1/2025,Influencer Marketing
CAMPAIGN00970,Moisturizer,Personal Care,3727.78,80626,3943,682,254725.53,67.33,5/1/2025,Referral
CAMPAIGN00971,Protein Bar,Snacks,3270.31,126926,1812,359,36284.99,10.1,21/11/2024,Influencer Marketing
CAMPAIGN00972,Garbage Bags,Household,4882.63,203441,9091,1451,607893.68,123.5,9/12/2024,Referral
CAMPAIGN00973,Dishwasher Liquid,Household,4586.36,140440,7226,449,83598.07,17.23,20/11/2024,Google Ads
CAMPAIGN00974,Soap,Personal Care,1261.03,198031,11810,1741,489191.42,386.93,14/12/2024,Email Campaign
CAMPAIGN00975,Cooking Oil,Groceries,1983.59,281072,19408,30,6403.56,2.23,7/2/2025,Influencer Marketing
CAMPAIGN00976,Wheat Flour,Groceries,2262.67,321695,7319,108,12324.88,4.45,3/1/2025,Referral
CAMPAIGN00977,Milk,Groceries,4190.23,149121,7890,202,91914.3,20.94,23/12/2024,Google Ads
CAMPAIGN00978,Rice,Groceries,4884.95,97178,5504,316,124371.45,24.46,20/1/2025,Influencer Marketing
CAMPAIGN00979,Soap,Personal Care,4805.44,214071,6729,402,119829.87,23.94,1/12/2024,Email Campaign
CAMPAIGN00980,Rice,Groceries,2114.46,413517,12530,897,112952.59,52.42,13/12/2024,Referral
CAMPAIGN00981,Cold Drink,Beverages,3469.83,159878,8707,208,76548.82,21.06,28/12/2024,Referral
CAMPAIGN00982,Toothpaste,Personal Care,4021.37,61771,2511,424,121154.4,29.13,4/1/2025,Instagram Ads
CAMPAIGN00983,Cold Drink,Beverages,3772.87,72674,2553,240,72224.13,18.14,14/11/2024,Google Ads
CAMPAIGN00984,Detergent,Household,371.93,292365,24706,3955,1668840.78,4485.98,30/1/2025,Referral
CAMPAIGN00985,Moisturizer,Personal Care,91.57,489337,29431,4023,1571981.31,17165.99,3/12/2024,Referral
CAMPAIGN00986,Protein Bar,Snacks,2589.25,326299,24715,361,44981.56,16.37,11/1/2025,Email Campaign
CAMPAIGN00987,Biscuits,Snacks,4031.28,394263,29061,3846,1496542.12,370.23,5/1/2025,Google Ads
CAMPAIGN00988,Tea,Beverages,375.57,483910,36190,5622,1630348.12,4340,2/1/2025,Referral
CAMPAIGN00989,Chips,Snacks,770.64,243271,5422,806,267013.16,345.48,27/1/2025,Email Campaign
CAMPAIGN00990,Dishwasher Liquid,Household,4753.21,380540,14885,2620,872106.39,182.48,22/11/2024,Instagram Ads
CAMPAIGN00991,Moisturizer,Personal Care,166.73,231761,15895,328,125031.35,748.9,22/11/2024,Referral
CAMPAIGN00992,Tea,Beverages,434.54,232468,11432,1504,229529.44,527.21,29/11/2024,Referral
CAMPAIGN00993,Cold Drink,Beverages,3653.97,138659,170,10,3858.11,0.06,18/1/2025,Email Campaign
CAMPAIGN00994,Toothpaste,Personal Care,4537.72,224425,3625,359,140067.83,29.87,13/1/2025,Influencer Marketing
CAMPAIGN00995,Energy Drink,Beverages,4762.53,36043,752,67,29699.51,5.24,22/11/2024,Email Campaign
CAMPAIGN00996,Wheat Flour,Groceries,415.95,150942,6197,1236,608311.92,1461.46,30/1/2025,Referral
CAMPAIGN00997,Cold Drink,Beverages,3879.4,310788,21534,4016,1232265.59,316.64,23/12/2024,Influencer Marketing
CAMPAIGN00998,Dishwasher Liquid,Household,2989.11,168974,6220,886,97120.45,31.49,15/12/2024,Influencer Marketing
CAMPAIGN00999,Toothpaste,Personal Care,4484.08,375140,9628,1039,184349.67,40.11,12/1/2025,Referral
CAMPAIGN01000,Nuts,Snacks,1138.37,433205,7163,329,124782.5,108.62,25/12/2024,Instagram Ads